0	1698880785.7928205	1	64	0	6	8	2	64	0	64	64	3	3	64	64	3	3	0	64	64	0	64	4	3	0	0	64	64	64	2	0	5	64	64	0	4	2	4	6	0	0	2	64	64	0	64	64	64	64
1	1698880785.8431573	12	15	0	12	64	23	13	0	30	14	64	10	57	24	64	36	0	62	54	0	57	22	64	0	0	12	55	16	19	0	12	64	23	0	16	17	44	64	0	0	21	24	12	0	59	17	59	15
2	1698880785.885665	38	64	0	35	64	37	64	0	30	23	24	43	64	64	19	23	0	17	33	0	64	23	64	0	0	64	64	64	64	0	37	38	35	0	64	15	41	64	0	0	42	64	44	0	64	58	64	64
3	1698880785.9232576	60	64	0	64	39	37	43	0	63	35	42	39	64	38	63	12	0	41	42	0	64	64	59	0	0	64	38	40	64	0	38	64	44	0	64	64	42	42	0	0	64	35	61	0	64	60	25	45
4	1698880785.9590805	64	64	0	64	18	23	62	0	11	64	34	62	17	18	64	64	0	62	64	0	64	19	64	0	0	14	64	45	12	0	64	10	22	0	13	64	23	38	0	0	14	64	62	0	14	64	64	64
5	1698880785.9951801	36	64	0	63	19	64	64	0	18	19	17	64	64	64	20	64	0	64	18	0	64	44	22	0	0	64	64	62	20	0	64	64	40	0	63	64	64	63	0	0	37	64	31	0	60	63	39	43
6	1698880786.031125	63	25	0	64	42	18	43	0	62	64	22	38	64	15	64	40	0	64	38	0	38	43	64	0	0	24	39	64	36	0	40	16	64	0	37	12	64	64	0	0	64	27	37	0	64	11	8	64
7	1698880786.0663147	64	12	0	20	40	20	19	0	64	64	16	25	64	15	19	26	0	64	11	0	64	64	30	0	0	26	15	64	18	0	64	23	40	0	64	64	64	43	0	0	15	34	38	0	64	62	64	22
8	1698880786.1103241	29	31	0	15	17	64	26	0	64	12	39	63	16	64	64	20	0	64	64	0	19	64	64	0	0	19	24	34	37	0	64	64	35	0	16	64	64	64	0	0	45	64	61	0	64	63	36	64
9	1698880786.158447	63	64	0	64	15	26	23	0	64	64	35	64	64	24	39	64	0	23	64	0	64	64	64	0	0	64	64	63	64	0	18	64	64	0	64	17	20	13	0	0	30	12	21	0	64	64	18	36
10	1698880786.1996155	12	64	0	32	63	64	12	0	21	18	64	20	64	64	64	64	0	61	64	0	64	21	64	0	0	26	36	64	64	0	64	14	64	0	64	64	64	15	0	0	64	64	60	0	64	64	61	19
11	1698880786.234759	39	17	0	14	64	64	64	0	9	25	64	19	19	16	64	19	0	64	17	0	64	64	64	0	0	23	64	64	64	0	64	19	64	0	64	64	16	64	0	0	19	11	20	0	64	17	19	64
12	1698880786.26936	38	64	0	23	64	21	64	0	64	64	14	19	64	63	64	33	0	64	64	0	64	23	29	0	0	22	18	27	64	0	30	31	64	0	64	64	64	64	0	0	64	64	20	0	64	21	15	64
13	1698880786.3009398	64	11	0	10	64	9	64	0	7	13	17	64	19	64	14	14	0	64	64	0	64	64	9	0	0	8	64	64	15	0	8	20	41	0	64	8	9	64	0	0	16	64	64	0	64	9	21	64
14	1698880786.3333075	64	64	0	62	64	64	11	0	9	19	64	20	64	64	60	17	0	64	18	0	10	11	63	0	0	64	11	16	20	0	20	12	64	0	15	64	64	64	0	0	11	21	64	0	11	63	64	15
15	1698880786.3689666	17	64	0	15	24	64	13	0	64	16	36	64	64	64	38	24	0	24	13	0	64	64	20	0	0	9	63	11	64	0	64	16	26	0	64	64	64	21	0	0	62	15	64	0	17	14	12	64
16	1698880786.400825	41	64	0	41	13	23	34	0	64	64	64	64	64	15	36	64	0	64	15	0	64	25	64	0	0	64	64	15	64	0	20	30	41	0	64	64	64	27	0	0	21	17	64	0	64	15	39	15
17	1698880786.441122	15	64	0	64	16	64	20	0	41	64	64	18	64	64	64	26	0	35	25	0	64	17	12	0	0	36	24	40	64	0	39	27	64	0	10	18	64	64	0	0	62	64	64	0	64	61	19	64
18	1698880786.4807723	12	15	0	64	9	64	64	0	10	17	16	19	10	64	17	64	0	64	11	0	10	16	12	0	0	12	13	10	64	0	64	15	41	0	24	64	64	14	0	0	64	12	63	0	16	14	15	64
19	1698880786.5176415	62	20	0	17	63	16	64	0	64	16	12	62	63	64	15	27	0	64	61	0	23	59	64	0	0	25	18	21	64	0	26	64	38	0	20	21	64	37	0	0	64	39	64	0	27	22	30	38
20	1698880786.5587635	10	64	0	64	64	8	64	0	64	64	16	64	64	15	64	64	0	7	64	0	4	2	18	0	0	17	7	64	64	0	23	7	32	0	19	31	14	20	0	0	13	22	11	0	64	4	16	64
21	1698880786.6006632	64	64	0	15	64	20	12	0	4	64	14	9	64	18	16	64	0	62	64	0	19	64	64	0	0	11	58	64	64	0	63	64	64	0	33	63	61	63	0	0	61	64	54	0	21	15	60	25
22	1698880786.638655	64	64	0	34	64	31	64	0	63	64	28	11	20	64	64	64	0	36	64	0	18	64	64	0	0	64	21	64	64	0	64	64	64	0	19	64	64	20	0	0	17	20	21	0	27	37	64	64
23	1698880786.6772022	63	64	0	64	11	11	6	0	10	13	10	7	64	64	64	64	0	64	7	0	17	64	64	0	0	13	64	21	19	0	9	15	40	0	15	64	64	64	0	0	18	17	64	0	23	64	11	64
24	1698880786.721088	40	24	0	20	29	22	41	0	17	31	23	64	20	19	22	64	0	64	16	0	64	12	20	0	0	64	64	25	64	0	29	13	64	0	64	18	64	19	0	0	64	64	19	0	11	64	20	64
25	1698880786.7646308	61	28	0	63	60	22	16	0	62	36	62	64	64	63	41	64	0	38	63	0	64	64	20	0	0	64	64	24	31	0	64	26	34	0	24	18	19	64	0	0	18	64	15	0	64	63	19	64
26	1698880786.8027864	14	20	0	25	64	64	16	0	9	7	15	64	64	16	64	64	0	40	23	0	64	15	17	0	0	10	64	11	64	0	64	26	64	0	64	64	64	23	0	0	64	23	13	0	64	17	61	19
27	1698880786.8417094	19	21	0	36	17	64	64	0	64	64	62	64	64	64	15	64	0	58	63	0	64	17	63	0	0	19	64	31	21	0	64	64	64	0	23	15	64	22	0	0	10	64	64	0	64	12	18	30
28	1698880786.882556	16	64	0	64	64	12	19	0	4	64	64	64	64	64	14	6	0	10	64	0	64	64	64	0	0	64	64	13	64	0	64	11	64	0	20	64	64	64	0	0	64	29	7	0	4	63	17	6
29	1698880786.9237561	64	23	0	9	64	16	10	0	64	64	64	14	64	12	64	15	0	9	64	0	11	64	64	0	0	64	8	24	9	0	64	14	28	0	64	15	4	22	0	0	11	64	58	0	17	64	64	25
30	1698880786.9592044	64	9	0	64	64	27	21	0	64	64	12	64	63	23	18	11	0	22	64	0	9	11	13	0	0	13	14	40	34	0	16	20	35	0	16	17	64	64	0	0	64	12	64	0	64	24	13	22
31	1698880786.9927082	15	14	0	18	64	64	64	0	64	18	23	64	64	64	61	64	0	59	64	0	64	24	7	0	0	21	22	62	64	0	64	10	33	0	64	18	64	64	0	0	23	64	64	0	64	64	28	64
32	1698880787.0248308	64	15	0	64	64	64	64	0	14	31	20	13	14	14	10	14	0	64	64	0	64	7	64	0	0	64	16	33	64	0	12	64	64	0	64	64	64	64	0	0	17	64	62	0	11	15	14	64
33	1698880787.0602486	64	64	0	16	7	17	18	0	17	13	64	64	4	64	64	64	0	64	12	0	64	17	16	0	0	17	9	64	64	0	64	64	64	0	15	13	28	64	0	0	13	15	64	0	17	64	64	64
34	1698880787.1074116	15	16	0	64	64	15	64	0	64	64	64	64	19	23	23	64	0	16	13	0	21	32	9	0	0	64	64	64	41	0	64	64	37	0	64	13	64	64	0	0	64	64	64	0	23	22	31	64
35	1698880787.1436808	11	64	0	10	64	16	64	0	64	3	64	64	20	12	64	64	0	64	12	0	12	26	64	0	0	10	64	14	64	0	21	19	16	0	64	16	12	64	0	0	12	64	8	0	17	5	64	64
36	1698880787.187361	64	19	0	64	64	64	20	0	42	63	64	64	21	64	64	28	0	64	22	0	64	64	64	0	0	15	23	16	64	0	40	64	41	0	64	16	64	19	0	0	8	64	20	0	64	20	17	64
37	1698880787.2276206	13	12	0	64	61	10	64	0	64	15	64	64	11	8	64	6	0	18	64	0	64	15	16	0	0	22	8	12	15	0	64	64	64	0	64	64	13	64	0	0	13	16	14	0	64	7	14	64
38	1698880787.2714524	64	64	0	14	14	64	64	0	18	64	16	64	14	64	64	64	0	30	18	0	23	35	17	0	0	13	17	22	64	0	14	64	64	0	39	19	38	16	0	0	31	64	62	0	64	64	64	15
39	1698880787.3131888	11	64	0	19	60	17	14	0	63	16	64	64	64	64	21	64	0	20	20	0	24	25	64	0	0	17	64	15	26	0	17	64	43	0	23	26	64	64	0	0	5	64	64	0	64	40	19	64
40	1698880787.3545809	40	19	0	18	20	64	64	0	64	64	64	21	26	64	26	64	0	21	35	0	64	64	17	0	0	21	64	41	64	0	64	34	64	0	64	31	64	64	0	0	64	64	21	0	64	64	11	64
41	1698880787.3941076	19	64	0	63	64	64	11	0	9	19	64	12	64	13	18	14	0	63	64	0	64	64	64	0	0	64	64	15	13	0	64	64	35	0	64	12	64	8	0	0	64	19	64	0	64	13	18	14
42	1698880787.4378242	64	64	0	37	64	64	14	0	23	15	64	6	64	22	24	64	0	64	18	0	19	64	64	0	0	12	64	64	64	0	10	64	38	0	15	15	64	64	0	0	15	64	64	0	14	17	16	34
43	1698880787.481287	64	15	0	9	37	64	62	0	61	24	42	61	30	64	64	64	0	43	7	0	64	64	39	0	0	41	64	32	64	0	45	64	64	0	44	39	40	43	0	0	64	64	45	0	64	43	43	43
44	1698880787.5254154	64	33	0	19	64	64	21	0	64	21	64	16	30	15	17	18	0	35	64	0	22	64	64	0	0	64	17	39	64	0	23	64	36	0	39	16	36	64	0	0	42	37	64	0	64	42	43	64
45	1698880787.569649	7	64	0	64	12	14	64	0	64	64	22	62	64	27	64	16	0	62	64	0	12	8	64	0	0	64	64	64	14	0	35	64	64	0	64	14	64	63	0	0	64	23	64	0	64	64	13	64
46	1698880787.6131718	64	10	0	64	63	26	12	0	64	64	64	64	18	26	15	64	0	63	64	0	14	11	14	0	0	20	64	64	64	0	64	64	40	0	64	39	64	29	0	0	39	18	62	0	64	16	64	21
47	1698880787.657305	41	64	0	64	21	64	64	0	64	64	64	64	14	26	26	64	0	42	18	0	64	29	64	0	0	26	42	64	64	0	21	32	43	0	37	64	64	47	0	0	38	42	62	0	64	40	64	64
48	1698880787.699953	17	64	0	31	62	64	16	0	63	64	8	64	19	24	64	64	0	64	64	0	14	24	11	0	0	64	64	16	64	0	8	15	29	0	64	13	9	34	0	0	35	23	19	0	64	20	64	13
49	1698880787.7427144	64	64	0	62	18	23	19	0	64	64	61	64	23	64	38	17	0	10	27	0	64	62	63	0	0	64	13	64	64	0	64	64	40	0	64	64	17	20	0	0	35	31	31	0	5	64	12	62
50	1698880787.7863858	14	22	0	15	63	64	15	0	8	17	64	64	12	64	64	12	0	63	64	0	64	18	9	0	0	18	19	13	64	0	64	8	64	0	64	64	11	18	0	0	64	11	64	0	19	64	64	64
51	1698880787.829188	19	64	0	64	14	64	64	0	64	13	64	20	10	64	18	64	0	64	13	0	64	20	5	0	0	22	64	20	15	0	64	64	64	0	64	10	21	64	0	0	16	15	64	0	5	10	64	14
52	1698880787.8717308	18	29	0	9	64	64	19	0	13	64	64	31	64	64	64	64	0	14	64	0	12	21	23	0	0	64	34	64	11	0	64	64	40	0	8	18	64	64	0	0	64	64	64	0	64	62	64	34
53	1698880787.9147449	17	64	0	61	61	64	21	0	61	15	12	61	64	17	64	64	0	60	64	0	64	23	64	0	0	20	12	14	64	0	64	16	64	0	17	64	8	64	0	0	13	64	8	0	17	22	12	64
54	1698880787.9580936	64	24	0	64	60	15	64	0	28	64	31	20	32	64	64	64	0	64	42	0	13	64	16	0	0	64	63	61	64	0	64	62	64	0	63	64	9	64	0	0	62	64	28	0	63	20	22	24
55	1698880788.0013084	18	64	0	10	64	64	11	0	64	20	63	64	23	64	36	64	0	63	63	0	64	7	12	0	0	64	64	64	64	0	21	16	37	0	64	22	12	10	0	0	64	19	21	0	15	64	16	64
56	1698880788.0440671	16	11	0	64	17	64	16	0	64	64	15	64	64	26	19	33	0	16	18	0	64	64	64	0	0	64	64	64	64	0	64	26	24	0	25	64	13	64	0	0	64	64	11	0	14	64	38	11
57	1698880788.0889297	24	18	0	21	17	64	17	0	64	22	10	15	64	64	64	64	0	23	14	0	17	64	20	0	0	64	12	64	64	0	64	18	28	0	64	64	10	18	0	0	64	64	64	0	64	64	63	64
58	1698880788.1375074	63	18	0	63	29	19	18	0	13	64	28	16	64	64	17	26	0	36	64	0	64	64	27	0	0	64	64	64	20	0	21	16	64	0	18	15	14	64	0	0	64	64	15	0	64	64	11	64
59	1698880788.173518	63	22	0	64	64	21	20	0	37	40	64	16	64	64	64	18	0	37	64	0	64	64	64	0	0	64	12	17	64	0	17	64	43	0	64	18	16	19	0	0	64	64	18	0	64	13	17	40
60	1698880788.2051148	18	64	0	64	64	64	64	0	8	64	9	64	10	14	64	21	0	64	64	0	64	6	64	0	0	64	64	15	64	0	64	19	27	0	16	16	8	13	0	0	19	20	64	0	64	63	18	64
61	1698880788.239022	12	17	0	64	14	64	64	0	64	14	12	36	64	64	64	64	0	19	25	0	14	64	7	0	0	23	64	64	14	0	64	64	64	0	63	37	19	64	0	0	40	64	64	0	64	64	20	12
62	1698880788.27671	64	17	0	64	17	64	12	0	64	29	64	13	19	64	64	21	0	24	64	0	31	64	22	0	0	64	24	16	20	0	15	25	64	0	16	12	43	64	0	0	15	27	64	0	22	63	9	64
63	1698880788.31285	64	64	0	64	8	13	13	0	64	12	13	24	64	9	64	20	0	13	16	0	64	64	64	0	0	64	62	64	8	0	64	12	64	0	20	15	64	64	0	0	12	11	14	0	64	19	63	64
64	1698880788.3481338	64	64	0	64	13	16	64	0	64	64	64	62	64	64	16	9	0	13	64	0	64	6	64	0	0	6	64	64	21	0	64	16	27	0	35	64	64	14	0	0	19	15	64	0	8	18	64	64
65	1698880788.3937721	64	12	0	18	64	18	20	0	17	64	64	64	64	17	21	64	0	64	23	0	64	17	64	0	0	16	64	20	64	0	64	24	38	0	64	14	64	18	0	0	33	33	14	0	64	63	11	64
66	1698880788.4424233	62	64	0	62	10	64	15	0	63	64	13	64	64	64	64	64	0	64	11	0	64	23	64	0	0	64	16	64	34	0	15	18	64	0	18	20	15	64	0	0	64	37	26	0	20	20	63	30
67	1698880788.4835541	64	64	0	64	21	64	64	0	61	63	11	64	23	18	20	64	0	31	8	0	64	17	64	0	0	64	9	64	64	0	20	63	64	0	63	43	64	64	0	0	64	40	59	0	64	10	40	22
68	1698880788.5187767	25	64	0	17	64	64	28	0	17	64	17	12	11	10	64	13	0	64	16	0	64	18	18	0	0	64	64	63	64	0	64	25	37	0	64	12	64	15	0	0	10	16	63	0	64	64	14	22
69	1698880788.5526512	18	26	0	9	64	20	64	0	64	64	17	64	64	17	17	15	0	14	14	0	64	64	64	0	0	18	17	64	64	0	64	15	64	0	64	64	46	64	0	0	64	14	18	0	64	64	27	64
70	1698880788.5913324	22	41	0	34	13	41	40	0	64	21	64	16	35	64	64	35	0	63	30	0	63	32	41	0	0	12	64	16	64	0	64	38	16	0	64	64	64	40	0	0	64	30	17	0	10	41	64	64
71	1698880788.6280782	63	64	0	21	60	64	64	0	64	41	34	17	64	64	30	31	0	64	15	0	64	64	64	0	0	31	64	38	11	0	64	27	64	0	64	64	17	64	0	0	40	17	63	0	40	13	64	37
72	1698880788.6720693	10	64	0	7	6	64	15	0	64	64	11	15	64	10	13	64	0	64	64	0	19	64	15	0	0	63	14	12	18	0	18	64	23	0	34	64	63	64	0	0	64	64	8	0	10	63	64	9
73	1698880788.708739	13	64	0	10	62	9	64	0	13	10	64	59	64	6	64	64	0	64	64	0	64	10	11	0	0	64	8	64	21	0	64	64	64	0	13	64	64	10	0	0	64	64	11	0	14	9	64	64
74	1698880788.740892	19	10	0	64	64	64	64	0	64	63	64	17	27	20	64	64	0	64	15	0	64	64	64	0	0	64	35	64	22	0	20	64	64	0	64	64	64	64	0	0	64	24	21	0	64	15	19	64
75	1698880788.7729342	64	64	0	14	64	64	64	0	64	17	29	16	13	64	31	64	0	64	19	0	13	34	20	0	0	64	64	21	13	0	20	10	34	0	64	12	12	64	0	0	15	64	62	0	64	16	64	17
76	1698880788.8136451	21	11	0	15	64	64	64	0	64	64	64	58	26	64	63	13	0	15	21	0	11	64	64	0	0	64	22	40	16	0	17	64	42	0	13	18	26	17	0	0	12	64	12	0	64	20	20	64
77	1698880788.855377	64	16	0	23	62	64	29	0	64	64	17	64	63	17	22	14	0	60	64	0	64	21	64	0	0	64	61	23	64	0	64	64	64	0	36	62	63	63	0	0	63	64	61	0	30	38	12	64
78	1698880788.892789	18	16	0	63	64	22	19	0	18	21	15	62	64	64	64	64	0	64	64	0	14	26	63	0	0	64	14	64	64	0	64	34	39	0	37	16	28	64	0	0	15	64	62	0	64	64	16	20
79	1698880788.9318197	11	15	0	64	64	23	12	0	31	64	14	20	64	16	64	64	0	15	64	0	19	33	25	0	0	64	64	41	23	0	36	63	64	0	61	62	64	38	0	0	40	64	64	0	40	64	21	63
80	1698880788.9826262	23	64	0	64	64	24	21	0	63	64	64	64	38	64	64	64	0	63	64	0	22	18	10	0	0	64	19	64	64	0	64	64	64	0	17	64	31	64	0	0	64	39	12	0	14	19	39	64
81	1698880789.0245118	64	64	0	64	12	64	12	0	64	15	22	64	64	16	12	14	0	17	24	0	19	64	13	0	0	10	10	14	64	0	64	64	28	0	64	64	17	14	0	0	64	64	10	0	19	63	10	64
82	1698880789.0572724	6	64	0	19	17	18	64	0	64	64	63	11	64	21	21	64	0	15	64	0	64	11	23	0	0	64	63	63	64	0	64	22	36	0	64	64	18	62	0	0	64	13	61	0	63	13	60	24
83	1698880789.0953667	15	64	0	64	64	26	12	0	64	64	64	64	64	14	5	64	0	16	20	0	64	22	15	0	0	9	64	15	39	0	18	64	64	0	64	64	24	36	0	0	18	13	11	0	64	60	38	64
84	1698880789.1288362	37	64	0	13	15	13	28	0	12	64	25	37	64	64	64	42	0	18	64	0	15	64	64	0	0	31	22	25	64	0	12	18	64	0	64	30	64	42	0	0	24	10	64	0	22	62	61	64
85	1698880789.1664312	23	12	0	64	61	13	21	0	14	64	16	63	64	21	64	22	0	62	13	0	64	27	15	0	0	64	12	64	64	0	21	18	43	0	7	19	64	64	0	0	64	36	12	0	64	13	2	64
86	1698880789.2092328	12	14	0	64	11	22	64	0	20	64	21	62	7	15	17	64	0	17	64	0	22	29	16	0	0	64	22	64	24	0	64	64	34	0	64	64	64	64	0	0	64	13	37	0	64	62	19	30
87	1698880789.2494037	60	63	0	18	19	64	64	0	62	64	26	19	61	19	64	16	0	60	64	0	12	64	64	0	0	64	64	12	11	0	64	10	17	0	64	63	64	64	0	0	64	64	21	0	26	21	11	64
88	1698880789.291937	64	15	0	17	63	64	25	0	23	64	16	16	23	16	14	16	0	16	26	0	40	23	64	0	0	64	64	64	12	0	64	20	26	0	64	13	64	13	0	0	14	20	64	0	63	39	39	16
89	1698880789.33416	64	11	0	64	64	64	64	0	2	64	4	9	19	5	12	5	0	16	13	0	19	20	64	0	0	35	20	64	64	0	64	62	64	0	64	61	64	64	0	0	64	16	63	0	64	6	61	63
90	1698880789.3683782	64	17	0	64	64	15	64	0	64	8	64	13	64	19	64	17	0	23	22	0	64	38	64	0	0	7	64	18	64	0	64	64	64	0	64	64	64	64	0	0	10	64	14	0	9	13	64	64
91	1698880789.409704	64	64	0	64	25	16	64	0	16	10	12	13	64	64	64	11	0	10	64	0	64	17	64	0	0	19	25	64	42	0	22	15	39	0	42	64	31	41	0	0	64	15	11	0	23	41	19	41
92	1698880789.4516437	21	64	0	64	62	64	64	0	64	26	64	13	26	18	18	12	0	64	64	0	64	20	64	0	0	63	21	27	64	0	22	14	36	0	36	30	62	36	0	0	64	29	20	0	63	64	64	27
93	1698880789.4938996	12	64	0	15	18	19	23	0	23	64	18	64	28	64	64	12	0	18	64	0	15	64	17	0	0	64	12	63	14	0	19	64	64	0	21	12	19	64	0	0	64	64	58	0	64	64	64	64
94	1698880789.5298946	19	13	0	42	13	16	16	0	18	11	63	20	64	64	64	64	0	62	8	0	64	13	64	0	0	64	13	19	15	0	23	64	64	0	36	12	21	64	0	0	39	64	19	0	64	34	25	37
95	1698880789.5703595	19	18	0	18	8	64	64	0	15	64	58	63	23	64	21	20	0	64	16	0	64	64	64	0	0	64	62	16	64	0	64	39	64	0	62	38	21	64	0	0	61	64	61	0	64	28	59	64
96	1698880789.6129951	59	13	0	63	61	14	20	0	63	64	12	34	62	12	64	41	0	35	62	0	64	64	15	0	0	14	64	35	21	0	64	9	64	0	20	64	11	64	0	0	64	64	64	0	14	64	20	15
97	1698880789.6536531	64	23	0	64	64	17	64	0	35	64	64	8	64	16	64	64	0	63	64	0	64	31	15	0	0	6	20	64	19	0	64	16	42	0	40	14	64	25	0	0	22	64	64	0	5	64	15	18
98	1698880789.696626	15	64	0	10	64	64	64	0	19	16	8	64	14	13	64	17	0	64	64	0	64	6	64	0	0	64	60	16	64	0	13	11	64	0	64	63	17	62	0	0	14	64	64	0	13	64	15	64
99	1698880789.7390404	12	64	0	64	15	64	64	0	12	64	10	15	60	64	64	64	0	19	64	0	64	64	64	0	0	16	22	64	9	0	64	64	64	0	64	14	64	64	0	0	64	64	64	0	61	63	64	64
100	1698880789.7828996	10	64	0	62	64	64	63	0	64	64	17	12	13	64	19	13	0	18	12	0	17	15	64	0	0	21	64	9	64	0	9	19	64	0	22	64	64	28	0	0	27	25	8	0	15	64	7	64
101	1698880789.8258905	40	16	0	64	64	64	64	0	18	11	64	10	15	64	64	64	0	61	64	0	16	64	17	0	0	64	64	14	13	0	23	64	64	0	63	64	14	64	0	0	40	64	16	0	64	18	58	64
102	1698880789.868855	12	16	0	21	27	16	14	0	13	64	64	16	15	12	64	14	0	64	64	0	17	14	64	0	0	13	15	64	64	0	64	13	27	0	64	64	18	10	0	0	12	64	16	0	16	12	21	64
103	1698880789.9106746	14	16	0	27	11	8	18	0	18	64	64	11	64	26	64	64	0	64	64	0	64	64	17	0	0	64	15	64	64	0	9	21	64	0	64	26	13	27	0	0	22	20	11	0	64	16	16	64
104	1698880789.950668	20	64	0	16	62	20	64	0	16	64	22	63	14	64	11	17	0	10	20	0	64	64	63	0	0	64	43	64	64	0	27	15	64	0	64	64	64	64	0	0	64	39	17	0	18	62	62	21
105	1698880789.9875782	63	14	0	17	64	64	18	0	64	21	64	64	19	64	64	64	0	27	23	0	64	64	38	0	0	64	64	25	36	0	18	21	64	0	64	64	64	29	0	0	64	14	64	0	17	63	14	22
106	1698880790.0185406	64	13	0	18	64	6	64	0	7	64	12	3	64	13	64	64	0	13	64	0	13	9	7	0	0	64	64	12	64	0	64	64	8	0	22	13	10	21	0	0	3	64	6	0	9	12	3	64
107	1698880790.0523005	16	64	0	61	64	64	14	0	64	12	19	5	15	64	14	64	0	61	20	0	30	17	19	0	0	64	64	29	64	0	64	31	64	0	38	64	64	64	0	0	14	64	9	0	64	60	64	38
108	1698880790.0851355	15	16	0	9	64	21	64	0	64	24	21	16	18	64	15	19	0	19	61	0	17	64	64	0	0	64	64	64	10	0	18	64	16	0	9	17	64	18	0	0	64	7	14	0	20	61	64	17
109	1698880790.117654	41	64	0	60	21	26	64	0	64	64	26	17	24	64	24	35	0	64	20	0	64	19	10	0	0	14	20	64	14	0	46	64	64	0	63	18	19	64	0	0	64	14	62	0	14	17	64	19
110	1698880790.1516385	30	20	0	23	62	40	25	0	17	19	64	64	16	16	63	14	0	19	37	0	19	26	64	0	0	19	64	64	14	0	37	64	64	0	18	64	19	64	0	0	36	64	64	0	19	64	24	14
111	1698880790.1886926	28	64	0	17	64	36	23	0	64	22	15	41	11	42	25	25	0	30	64	0	64	35	64	0	0	64	64	64	10	0	20	64	64	0	16	64	64	64	0	0	31	20	41	0	64	64	17	43
112	1698880790.2218485	20	64	0	61	13	16	11	0	16	22	64	62	64	5	33	64	0	63	64	0	64	64	12	0	0	10	64	15	25	0	64	64	64	0	64	8	15	12	0	0	64	9	64	0	64	12	62	13
113	1698880790.2580593	61	11	0	64	61	64	14	0	63	63	60	64	64	16	64	64	0	17	64	0	7	18	12	0	0	64	64	62	22	0	19	17	64	0	16	63	63	64	0	0	64	64	64	0	19	62	64	18
114	1698880790.2913377	64	64	0	13	64	64	18	0	15	64	13	22	38	17	64	64	0	19	64	0	64	15	14	0	0	64	15	64	64	0	22	64	64	0	22	64	9	64	0	0	64	64	18	0	16	11	13	25
115	1698880790.325962	3	64	0	62	4	9	64	0	18	64	64	61	9	15	13	7	0	59	8	0	17	64	64	0	0	13	9	64	64	0	64	8	29	0	12	64	64	6	0	0	26	17	9	0	64	64	13	11
116	1698880790.3603039	63	17	0	64	62	63	64	0	10	64	64	64	64	64	64	19	0	64	64	0	18	16	64	0	0	64	64	12	39	0	15	19	64	0	22	64	64	13	0	0	29	25	16	0	19	28	64	64
117	1698880790.3973534	8	19	0	64	64	18	19	0	11	64	64	16	15	64	18	12	0	10	64	0	64	22	20	0	0	16	64	35	6	0	64	64	34	0	64	14	64	18	0	0	16	26	62	0	18	14	15	64
118	1698880790.4351394	61	26	0	64	9	8	21	0	64	9	10	60	63	64	64	64	0	19	12	0	6	31	64	0	0	64	10	62	64	0	64	64	64	0	64	14	64	7	0	0	64	64	64	0	62	60	63	34
119	1698880790.4688394	64	16	0	21	13	64	18	0	34	64	12	64	64	13	64	64	0	63	18	0	64	64	64	0	0	20	64	34	64	0	17	64	64	0	19	14	18	58	0	0	64	12	63	0	64	62	64	64
120	1698880790.5021195	15	64	0	64	21	64	64	0	64	13	64	64	64	13	64	64	0	11	64	0	7	64	64	0	0	9	12	64	11	0	64	64	64	0	64	3	10	64	0	0	8	10	11	0	64	12	8	64
121	1698880790.5360014	64	13	0	18	64	17	14	0	64	17	64	14	64	64	27	64	0	17	17	0	18	26	26	0	0	64	19	64	64	0	14	64	64	0	20	63	64	64	0	0	17	64	20	0	64	63	37	64
122	1698880790.5798893	10	9	0	64	16	13	64	0	8	10	64	16	64	26	10	6	0	64	10	0	12	16	17	0	0	11	64	64	9	0	64	64	64	0	64	6	14	64	0	0	11	64	16	0	17	64	64	9
123	1698880790.6224642	64	62	0	15	29	61	64	0	8	64	3	59	21	19	62	24	0	18	62	0	17	64	17	0	0	64	8	17	64	0	24	64	37	0	22	61	13	13	0	0	17	16	63	0	64	64	44	64
124	1698880790.6662765	17	15	0	19	18	40	16	0	37	16	64	64	64	19	21	38	0	62	64	0	14	29	64	0	0	18	62	19	21	0	64	64	64	0	25	20	64	64	0	0	41	64	17	0	16	64	63	64
125	1698880790.7057464	62	64	0	63	57	21	62	0	11	15	12	37	14	64	13	64	0	26	64	0	63	61	64	0	0	64	64	16	37	0	14	9	41	0	20	13	15	21	0	0	64	64	17	0	64	60	20	14
126	1698880790.7400482	62	23	0	64	12	64	23	0	13	18	64	63	64	11	8	17	0	15	27	0	64	64	64	0	0	64	20	32	64	0	22	64	27	0	64	64	19	10	0	0	64	64	61	0	16	15	38	64
127	1698880790.7802622	64	64	0	6	9	64	8	0	8	9	8	10	64	9	64	64	0	61	64	0	64	64	64	0	0	5	64	64	13	0	16	10	21	0	64	64	64	9	0	0	64	64	64	0	9	64	6	64
128	1698880790.82783	11	16	0	20	15	15	64	0	12	24	15	20	64	64	15	64	0	64	16	0	13	17	22	0	0	17	64	64	64	0	64	30	35	0	64	64	15	64	0	0	36	14	22	0	21	64	33	17
129	1698880790.8688333	64	22	0	19	9	64	64	0	18	64	11	21	7	15	12	64	0	64	17	0	64	64	10	0	0	63	7	11	64	0	5	64	64	0	10	8	64	9	0	0	18	17	61	0	59	15	64	64
130	1698880790.9092562	64	64	0	16	62	7	15	0	17	12	64	64	64	15	19	64	0	64	8	0	18	64	64	0	0	6	62	64	64	0	64	64	29	0	23	7	64	64	0	0	10	11	13	0	64	55	64	64
131	1698880790.9472854	64	17	0	64	64	64	64	0	14	32	13	64	15	64	15	64	0	10	14	0	15	64	64	0	0	64	64	64	9	0	18	17	27	0	16	13	14	18	0	0	64	64	63	0	64	11	12	64
132	1698880790.9838195	64	16	0	8	64	22	64	0	64	12	13	18	17	64	14	64	0	20	18	0	64	17	64	0	0	10	19	16	14	0	20	15	25	0	64	14	12	64	0	0	14	64	64	0	64	5	64	15
133	1698880791.0181327	8	20	0	64	64	10	12	0	10	7	14	64	8	64	18	64	0	64	64	0	15	12	64	0	0	10	13	25	5	0	22	64	40	0	64	13	64	7	0	0	64	20	9	0	11	64	16	64
134	1698880791.0578725	64	19	0	64	19	40	64	0	17	64	64	64	64	64	3	42	0	27	64	0	34	17	26	0	0	64	64	64	36	0	38	18	34	0	12	64	64	43	0	0	64	22	15	0	33	64	22	64
135	1698880791.0922863	64	64	0	4	64	64	64	0	64	64	10	64	9	19	64	14	0	9	6	0	64	64	11	0	0	64	11	9	4	0	63	8	31	0	64	14	7	64	0	0	64	64	7	0	12	8	64	5
136	1698880791.1266572	64	15	0	15	64	64	64	0	9	12	19	8	21	17	64	16	0	17	64	0	13	64	14	0	0	64	64	64	64	0	64	63	64	0	22	64	19	18	0	0	64	64	13	0	9	16	62	19
137	1698880791.1621263	17	64	0	62	11	10	10	0	28	62	63	60	28	19	17	64	0	59	64	0	20	36	2	0	0	15	9	64	64	0	64	18	64	0	39	13	64	64	0	0	64	64	8	0	12	64	14	26
138	1698880791.1961954	64	64	0	64	4	11	64	0	21	10	15	12	64	15	7	9	0	64	12	0	10	22	64	0	0	64	16	12	12	0	13	10	42	0	19	64	64	16	0	0	64	64	64	0	16	11	8	64
139	1698880791.230184	64	64	0	18	20	64	64	0	14	38	35	23	64	61	45	64	0	26	63	0	64	31	35	0	0	64	17	61	64	0	64	62	34	0	44	64	64	41	0	0	64	25	59	0	41	40	60	63
140	1698880791.2720034	64	15	0	62	61	64	10	0	64	19	64	62	11	20	15	9	0	62	64	0	16	20	64	0	0	19	10	22	64	0	18	64	64	0	64	64	20	25	0	0	64	17	16	0	63	63	64	63
141	1698880791.3132968	14	64	0	64	11	16	63	0	64	15	7	7	64	64	64	64	0	25	8	0	64	6	64	0	0	64	64	12	64	0	25	6	64	0	6	12	64	8	0	0	64	64	5	0	64	11	64	64
142	1698880791.3526754	60	19	0	64	26	64	62	0	62	64	64	64	63	64	64	21	0	17	63	0	13	40	17	0	0	17	18	19	12	0	19	10	64	0	34	17	64	15	0	0	17	64	63	0	64	64	64	64
143	1698880791.3868291	64	17	0	15	62	64	15	0	22	14	18	11	63	64	64	12	0	62	16	0	64	64	16	0	0	61	61	17	64	0	64	64	38	0	64	18	64	64	0	0	40	64	64	0	64	61	64	64
144	1698880791.4243267	4	64	0	15	9	7	64	0	5	64	11	6	64	14	11	64	0	64	5	0	10	10	64	0	0	12	64	11	64	0	17	8	30	0	64	64	14	64	0	0	64	64	12	0	15	64	64	12
145	1698880791.4586582	61	64	0	40	13	64	64	0	64	61	15	61	24	63	64	24	0	64	14	0	64	15	64	0	0	64	64	61	64	0	64	64	64	0	23	64	20	29	0	0	41	15	16	0	18	13	10	64
146	1698880791.4970064	64	16	0	64	64	16	64	0	15	18	6	14	64	25	64	18	0	64	64	0	25	12	14	0	0	64	64	64	64	0	3	64	64	0	60	62	64	64	0	0	20	15	61	0	56	58	64	64
147	1698880791.5382352	9	64	0	11	63	64	10	0	11	13	64	14	19	26	15	64	0	64	64	0	64	15	11	0	0	64	13	15	64	0	64	21	19	0	64	11	14	16	0	0	64	18	16	0	64	64	20	23
148	1698880791.5751016	64	13	0	12	10	64	5	0	64	64	64	10	6	64	14	64	0	10	64	0	64	64	12	0	0	14	64	61	64	0	10	63	25	0	22	64	64	64	0	0	64	11	7	0	7	64	63	20
149	1698880791.6099918	20	15	0	64	16	64	15	0	30	20	64	27	64	64	42	64	0	26	18	0	44	64	19	0	0	64	25	24	30	0	64	64	64	0	64	13	64	18	0	0	64	64	59	0	63	21	64	19
150	1698880791.6442254	61	14	0	64	13	64	64	0	54	16	11	63	64	17	62	6	0	59	17	0	15	64	64	0	0	10	64	13	64	0	64	64	64	0	64	16	24	64	0	0	15	64	19	0	12	13	64	16
151	1698880791.6902306	64	64	0	63	10	64	6	0	62	15	10	60	14	10	64	64	0	10	64	0	64	64	16	0	0	64	19	17	64	0	64	64	29	0	64	64	15	4	0	0	64	64	12	0	14	17	12	15
152	1698880791.7326815	64	15	0	24	20	16	64	0	16	10	9	64	14	20	25	15	0	62	64	0	64	23	12	0	0	64	63	64	64	0	64	64	26	0	28	64	64	26	0	0	64	17	22	0	64	62	64	25
153	1698880791.770889	64	64	0	62	11	9	12	0	63	12	64	64	64	20	17	14	0	64	15	0	17	64	61	0	0	64	11	7	6	0	64	11	64	0	9	9	13	64	0	0	10	10	13	0	64	62	64	64
154	1698880791.8065453	17	64	0	64	16	64	64	0	64	18	63	27	64	15	15	25	0	19	16	0	64	23	9	0	0	23	64	64	64	0	14	13	41	0	36	63	13	24	0	0	64	21	64	0	64	20	20	17
155	1698880791.8463006	10	64	0	64	7	64	8	0	63	64	64	63	64	17	13	64	0	64	17	0	18	13	64	0	0	64	11	6	11	0	13	64	27	0	64	64	64	19	0	0	3	64	63	0	3	14	13	11
156	1698880791.8836956	10	64	0	61	12	64	64	0	64	64	11	10	64	64	64	16	0	63	64	0	14	23	13	0	0	64	22	64	64	0	24	15	64	0	14	16	15	17	0	0	39	29	61	0	10	15	63	64
157	1698880791.9266388	2	9	0	5	64	9	64	0	64	12	11	13	64	16	15	12	0	7	8	0	7	12	64	0	0	64	64	64	9	0	16	64	27	0	30	14	64	16	0	0	64	64	5	0	4	61	6	11
158	1698880791.9692955	4	64	0	64	13	64	64	0	64	11	18	9	9	20	15	64	0	62	28	0	64	18	8	0	0	16	15	11	15	0	64	64	39	0	64	64	9	64	0	0	16	8	60	0	64	4	61	12
159	1698880792.0129673	13	19	0	14	58	64	15	0	64	28	16	63	14	64	64	64	0	14	64	0	11	20	14	0	0	64	20	13	17	0	64	64	28	0	21	19	64	64	0	0	38	18	58	0	18	62	64	15
160	1698880792.0451052	64	25	0	44	24	64	30	0	12	20	14	64	63	64	64	64	0	61	64	0	64	18	64	0	0	64	62	62	64	0	34	64	27	0	41	64	64	64	0	0	15	64	17	0	64	14	14	34
161	1698880792.0871968	12	13	0	64	64	14	63	0	14	64	19	18	64	14	64	64	0	61	13	0	12	64	19	0	0	10	64	64	16	0	19	64	64	0	64	64	64	64	0	0	62	64	61	0	15	60	61	30
162	1698880792.1236892	12	64	0	11	10	14	16	0	15	64	16	20	24	64	64	25	0	22	64	0	19	20	21	0	0	64	64	64	64	0	64	11	64	0	64	10	64	24	0	0	11	64	63	0	64	61	13	19
163	1698880792.1592538	9	6	0	64	11	15	10	0	64	11	8	4	10	17	17	64	0	28	64	0	64	22	64	0	0	63	11	12	64	0	26	12	64	0	10	15	64	64	0	0	11	64	11	0	13	62	64	64
164	1698880792.1990738	28	15	0	64	37	64	29	0	15	21	17	28	28	64	64	22	0	26	15	0	18	61	26	0	0	14	62	22	22	0	64	64	39	0	63	64	64	13	0	0	61	64	59	0	63	64	64	64
165	1698880792.2382822	34	64	0	64	64	64	13	0	34	64	61	28	15	25	64	16	0	22	23	0	13	64	64	0	0	24	64	64	64	0	21	11	64	0	15	64	64	64	0	0	64	17	60	0	64	64	64	21
166	1698880792.2781966	14	19	0	64	64	64	21	0	13	64	16	63	16	64	64	9	0	64	64	0	15	64	3	0	0	7	18	20	64	0	12	19	64	0	24	64	64	64	0	0	64	64	10	0	64	20	64	33
167	1698880792.3196032	12	17	0	64	9	64	12	0	64	7	17	10	64	7	13	64	0	64	11	0	12	11	6	0	0	13	17	64	11	0	22	64	64	0	64	6	17	13	0	0	64	10	63	0	64	13	62	64
168	1698880792.3578799	37	25	0	21	22	64	62	0	20	20	63	60	64	14	64	64	0	11	15	0	39	64	61	0	0	64	64	64	29	0	64	64	64	0	10	13	41	36	0	0	64	64	61	0	12	64	62	38
169	1698880792.3952324	10	10	0	17	16	64	22	0	64	64	11	18	16	64	10	64	0	64	64	0	64	64	16	0	0	15	19	43	15	0	18	64	64	0	20	9	17	64	0	0	64	64	64	0	64	13	12	64
170	1698880792.437526	37	64	0	23	17	28	23	0	21	10	64	63	13	11	64	64	0	21	11	0	64	64	64	0	0	64	4	17	42	0	37	63	18	0	45	64	26	64	0	0	35	64	63	0	18	61	64	64
171	1698880792.4704	18	13	0	16	61	23	64	0	15	17	64	64	14	20	11	16	0	64	64	0	64	11	63	0	0	60	64	64	40	0	12	64	41	0	38	7	7	18	0	0	64	21	64	0	64	20	64	64
172	1698880792.5091102	60	64	0	63	17	64	23	0	61	64	22	9	64	15	11	64	0	64	12	0	64	32	64	0	0	64	19	64	36	0	23	10	64	0	34	20	14	64	0	0	64	64	62	0	15	23	63	12
173	1698880792.5503924	11	64	0	8	17	12	11	0	64	12	11	64	13	17	15	19	0	19	12	0	64	11	64	0	0	64	15	12	21	0	64	64	64	0	36	14	64	64	0	0	11	22	62	0	64	34	17	22
174	1698880792.5907402	14	64	0	21	61	64	13	0	13	64	62	6	26	64	11	11	0	63	18	0	64	19	64	0	0	9	64	64	64	0	64	13	64	0	64	64	64	21	0	0	25	64	63	0	64	9	8	16
175	1698880792.6412685	64	15	0	10	62	64	27	0	15	64	23	13	64	18	63	64	0	63	63	0	64	64	64	0	0	20	22	64	64	0	64	63	64	0	27	64	35	62	0	0	63	42	13	0	64	27	63	64
176	1698880792.6822917	10	64	0	21	64	24	63	0	62	64	60	20	15	64	64	19	0	16	17	0	26	34	14	0	0	27	21	22	64	0	64	22	64	0	64	64	64	64	0	0	63	63	35	0	63	20	64	64
177	1698880792.7202818	59	13	0	59	63	19	16	0	13	19	16	62	61	64	19	59	0	59	18	0	64	64	61	0	0	11	64	64	13	0	64	23	64	0	35	64	23	64	0	0	17	17	62	0	15	17	13	12
178	1698880792.7545576	64	38	0	64	14	64	12	0	64	11	14	24	64	64	13	64	0	64	64	0	64	21	15	0	0	64	64	16	28	0	9	14	64	0	26	12	64	64	0	0	41	64	12	0	64	61	9	64
179	1698880792.7906077	11	25	0	8	61	64	17	0	19	15	64	64	64	64	64	64	0	14	63	0	64	64	19	0	0	64	64	13	24	0	20	64	64	0	35	64	64	64	0	0	18	27	14	0	21	21	19	64
180	1698880792.8274236	6	7	0	5	63	5	64	0	64	64	8	12	64	14	64	64	0	64	64	0	64	12	11	0	0	9	64	9	11	0	64	64	64	0	8	64	63	10	0	0	3	15	8	0	64	21	36	64
181	1698880792.8592784	64	64	0	11	64	64	64	0	15	64	17	60	64	64	63	18	0	19	64	0	64	9	64	0	0	21	64	17	17	0	64	9	64	0	64	64	38	64	0	0	64	64	62	0	59	59	21	20
182	1698880792.8969686	7	7	0	3	64	64	64	0	9	64	64	14	64	64	17	10	0	64	64	0	4	64	1	0	0	3	63	64	8	0	6	64	8	0	11	13	12	11	0	0	14	13	10	0	12	64	64	7
183	1698880792.931816	64	14	0	17	64	64	64	0	10	5	10	10	7	64	64	17	0	7	11	0	64	14	64	0	0	20	64	64	64	0	64	64	14	0	19	17	64	21	0	0	63	8	64	0	15	64	64	13
184	1698880792.9704254	17	64	0	64	64	9	64	0	64	64	19	64	64	12	64	10	0	19	10	0	10	4	64	0	0	13	6	64	64	0	9	15	64	0	13	64	4	18	0	0	10	10	10	0	64	12	64	64
185	1698880793.0042763	62	15	0	20	15	17	8	0	64	64	64	15	64	25	64	18	0	64	34	0	13	64	64	0	0	14	63	14	64	0	64	64	20	0	34	64	64	64	0	0	64	64	9	0	8	13	16	20
186	1698880793.0419378	64	15	0	11	17	12	9	0	64	64	17	17	13	12	64	64	0	13	21	0	17	64	64	0	0	13	20	64	6	0	19	22	43	0	64	64	64	20	0	0	14	64	40	0	18	14	64	31
187	1698880793.0816562	64	64	0	60	58	26	18	0	64	15	62	15	64	62	11	64	0	57	64	0	22	64	17	0	0	17	17	64	19	0	64	19	26	0	13	13	64	64	0	0	27	15	21	0	22	62	12	20
188	1698880793.1265054	14	10	0	13	62	14	64	0	9	64	64	61	64	64	64	10	0	64	64	0	64	64	64	0	0	23	62	64	20	0	64	60	64	0	36	56	25	21	0	0	17	64	57	0	59	64	61	57
189	1698880793.1705995	11	28	0	64	61	15	64	0	64	9	64	64	64	64	24	64	0	17	64	0	64	16	12	0	0	64	64	64	18	0	64	64	16	0	64	23	18	64	0	0	18	64	14	0	63	64	26	64
190	1698880793.2130282	11	18	0	7	62	64	10	0	9	64	64	64	64	15	64	9	0	64	12	0	9	22	14	0	0	12	14	9	64	0	64	12	64	0	64	64	64	10	0	0	10	6	2	0	64	13	64	64
191	1698880793.256068	12	14	0	64	7	16	8	0	10	64	64	10	64	64	10	11	0	64	4	0	64	13	64	0	0	8	6	14	17	0	14	64	31	0	64	64	64	12	0	0	9	64	64	0	64	11	64	10
192	1698880793.295544	61	22	0	12	37	20	17	0	22	64	64	60	14	64	38	64	0	17	64	0	16	64	14	0	0	64	42	60	63	0	64	64	43	0	20	64	64	60	0	0	64	64	15	0	64	59	19	62
193	1698880793.333729	60	64	0	16	15	64	64	0	64	64	25	64	64	64	19	22	0	61	64	0	14	64	64	0	0	64	14	64	14	0	64	15	44	0	64	64	64	64	0	0	63	15	12	0	18	64	21	64
194	1698880793.3744464	64	7	0	64	64	10	64	0	13	64	10	1	62	64	8	8	0	3	64	0	8	18	64	0	0	12	64	8	9	0	5	15	27	0	8	20	64	14	0	0	7	10	64	0	12	11	64	64
195	1698880793.4127972	64	13	0	64	64	64	64	0	13	64	11	16	8	64	12	13	0	64	12	0	64	14	13	0	0	60	64	64	64	0	10	64	33	0	62	20	5	61	0	0	62	64	13	0	61	59	64	64
196	1698880793.4471974	64	24	0	13	64	64	18	0	24	64	64	63	64	19	20	64	0	62	22	0	64	14	64	0	0	28	64	14	64	0	17	64	64	0	21	64	64	64	0	0	64	64	16	0	21	64	64	35
197	1698880793.489726	64	64	0	64	9	64	17	0	64	64	12	64	64	64	64	26	0	12	64	0	10	12	18	0	0	19	10	64	11	0	15	18	64	0	24	17	14	64	0	0	64	17	20	0	64	15	41	64
198	1698880793.5444329	64	13	0	12	60	14	15	0	64	12	64	64	64	12	64	64	0	61	11	0	64	12	64	0	0	62	21	64	64	0	13	64	29	0	33	10	64	64	0	0	11	12	64	0	62	61	35	13
199	1698880793.583152	62	18	0	64	10	64	64	0	13	7	12	8	8	8	64	13	0	64	64	0	5	10	6	0	0	18	64	64	64	0	6	64	64	0	64	8	64	64	0	0	9	9	64	0	64	63	7	10
200	1698880793.6203277	13	64	0	14	14	64	12	0	62	64	62	64	6	9	16	22	0	10	64	0	64	64	10	0	0	18	6	64	64	0	64	15	64	0	64	15	64	18	0	0	12	12	62	0	64	18	18	14
201	1698880793.6579247	8	12	0	16	10	11	23	0	64	14	64	15	16	64	25	64	0	64	17	0	64	18	64	0	0	64	18	64	64	0	27	21	64	0	64	30	11	25	0	0	64	64	64	0	64	17	20	64
202	1698880793.6906087	12	18	0	25	64	64	12	0	64	64	64	60	19	20	64	16	0	25	17	0	64	64	63	0	0	13	62	19	19	0	64	64	38	0	15	15	64	64	0	0	64	64	61	0	35	62	63	16
203	1698880793.7248569	63	22	0	9	61	15	64	0	63	15	16	2	64	20	16	64	0	15	2	0	64	9	64	0	0	64	11	7	64	0	9	64	64	0	26	64	64	12	0	0	64	64	10	0	10	63	64	10
204	1698880793.7616386	23	14	0	61	18	61	9	0	64	22	63	9	19	64	64	9	0	64	16	0	19	15	11	0	0	15	17	61	21	0	64	64	64	0	64	9	19	34	0	0	64	64	63	0	63	62	64	64
205	1698880793.7997289	61	64	0	20	64	64	27	0	20	13	64	11	64	17	64	64	0	15	10	0	20	64	19	0	0	64	64	13	16	0	64	14	64	0	64	64	64	20	0	0	64	64	59	0	10	63	63	64
206	1698880793.8357363	11	17	0	64	16	64	13	0	62	64	19	14	9	12	64	13	0	5	64	0	20	64	64	0	0	20	64	64	64	0	18	6	64	0	16	20	64	64	0	0	64	64	22	0	8	15	64	22
207	1698880793.8788624	64	17	0	64	22	64	9	0	62	21	64	64	13	64	64	11	0	60	64	0	20	64	6	0	0	64	24	17	17	0	64	8	64	0	33	17	20	64	0	0	64	64	17	0	64	16	38	21
208	1698880793.9221075	64	64	0	64	10	64	9	0	64	9	11	62	64	11	64	64	0	13	11	0	64	64	14	0	0	64	60	8	64	0	64	64	64	0	64	13	11	15	0	0	64	11	11	0	64	19	61	14
209	1698880793.9611225	64	13	0	13	9	64	7	0	64	4	7	64	64	12	15	9	0	10	15	0	64	11	10	0	0	64	64	5	64	0	64	64	64	0	4	14	17	13	0	0	8	7	9	0	10	8	64	16
210	1698880793.9951036	64	19	0	14	21	23	64	0	64	64	23	64	64	17	14	18	0	64	64	0	64	19	11	0	0	64	64	64	64	0	63	64	64	0	14	8	11	18	0	0	12	64	10	0	10	64	64	18
211	1698880794.031474	64	17	0	64	62	22	12	0	19	12	64	63	64	15	17	64	0	64	64	0	9	64	15	0	0	14	62	25	64	0	64	15	33	0	35	15	64	64	0	0	36	28	18	0	63	64	30	64
212	1698880794.0672245	64	18	0	64	64	20	64	0	8	10	13	30	14	11	7	12	0	64	18	0	17	15	64	0	0	64	64	64	15	0	9	5	64	0	5	64	64	17	0	0	64	13	64	0	64	7	64	10
213	1698880794.1058774	64	64	0	20	62	18	64	0	23	22	17	62	28	22	11	64	0	23	64	0	63	29	15	0	0	64	18	37	64	0	64	64	64	0	17	64	39	13	0	0	64	39	62	0	61	16	20	29
214	1698880794.1404142	60	16	0	22	14	64	19	0	64	13	64	15	15	60	9	64	0	60	21	0	39	64	9	0	0	64	18	42	18	0	64	18	18	0	64	64	64	24	0	0	64	27	7	0	35	64	12	19
215	1698880794.175253	6	13	0	14	64	10	64	0	13	16	15	7	64	17	64	9	0	10	64	0	17	64	64	0	0	64	64	19	10	0	64	64	25	0	20	17	7	13	0	0	64	64	11	0	17	13	18	20
216	1698880794.2119992	32	64	0	64	64	64	15	0	63	23	64	9	22	20	17	64	0	64	12	0	64	40	6	0	0	64	17	20	64	0	64	21	17	0	21	26	15	64	0	0	38	64	64	0	19	11	64	27
217	1698880794.250092	16	11	0	6	64	64	13	0	23	19	7	10	21	64	21	62	0	9	58	0	18	64	21	0	0	64	64	14	12	0	25	64	29	0	20	12	12	64	0	0	13	18	15	0	15	64	64	10
218	1698880794.2886329	63	12	0	64	18	64	64	0	16	64	14	64	14	15	64	16	0	64	64	0	64	19	64	0	0	20	62	64	64	0	8	64	24	0	64	64	64	64	0	0	63	11	14	0	64	10	64	64
219	1698880794.3267803	12	14	0	64	63	11	64	0	57	64	64	10	64	9	64	64	0	11	8	0	64	64	5	0	0	14	64	2	6	0	64	64	64	0	64	64	64	64	0	0	64	64	2	0	8	6	64	9
220	1698880794.3628705	64	64	0	64	9	18	64	0	14	9	64	17	64	36	64	22	0	19	64	0	13	16	64	0	0	31	64	64	23	0	31	14	64	0	36	33	64	42	0	0	64	15	63	0	64	63	13	22
221	1698880794.4069693	10	64	0	64	64	26	11	0	9	19	64	15	14	5	9	64	0	62	64	0	64	17	13	0	0	64	13	64	64	0	14	30	25	0	10	4	12	64	0	0	10	10	12	0	64	63	64	12
222	1698880794.448203	64	20	0	11	11	64	13	0	64	64	15	19	21	11	13	15	0	17	64	0	18	64	64	0	0	64	64	64	64	0	21	64	45	0	38	64	64	62	0	0	64	64	16	0	8	63	64	13
223	1698880794.4856317	33	17	0	64	8	13	64	0	64	64	64	64	20	64	64	11	0	63	16	0	20	64	15	0	0	64	11	64	39	0	64	64	64	0	63	11	64	64	0	0	64	64	57	0	64	63	62	19
224	1698880794.5255816	64	10	0	64	62	64	27	0	64	64	23	64	61	64	64	18	0	62	18	0	17	64	64	0	0	18	64	17	64	0	64	64	64	0	64	64	13	15	0	0	13	64	17	0	64	14	62	64
225	1698880794.56081	64	16	0	64	8	16	25	0	64	64	15	64	18	21	64	15	0	18	64	0	64	36	12	0	0	64	12	64	64	0	19	64	23	0	64	64	9	11	0	0	12	64	26	0	13	16	17	19
226	1698880794.5964413	64	12	0	17	19	14	64	0	15	64	11	64	16	10	18	16	0	61	64	0	64	64	64	0	0	17	4	64	64	0	64	64	64	0	28	17	64	12	0	0	15	64	14	0	17	64	19	33
227	1698880794.633736	64	23	0	63	12	16	18	0	60	18	64	9	11	64	64	64	0	19	10	0	10	64	64	0	0	62	64	12	14	0	64	43	64	0	43	19	64	64	0	0	24	64	18	0	64	14	61	64
228	1698880794.6680148	64	14	0	64	63	17	16	0	64	64	64	17	12	12	13	63	0	18	64	0	64	64	64	0	0	6	64	23	14	0	64	12	22	0	23	5	12	64	0	0	64	15	59	0	64	18	9	25
229	1698880794.70978	14	64	0	64	17	15	13	0	7	64	64	15	64	17	14	13	0	64	19	0	64	11	10	0	0	21	15	64	10	0	12	64	25	0	64	64	5	11	0	0	14	64	11	0	14	64	64	9
230	1698880794.7496002	64	12	0	12	6	64	8	0	17	7	13	64	13	14	64	64	0	10	64	0	10	10	64	0	0	64	4	64	64	0	13	64	23	0	11	64	9	64	0	0	13	13	62	0	64	64	64	6
231	1698880794.7896545	20	17	0	11	19	21	14	0	10	64	9	64	64	25	64	11	0	62	61	0	15	64	64	0	0	20	64	18	11	0	64	64	31	0	38	61	9	64	0	0	64	64	59	0	22	61	41	22
232	1698880794.8251057	19	17	0	64	63	64	19	0	63	64	18	64	15	40	24	64	0	29	26	0	64	64	39	0	0	64	19	64	9	0	64	64	37	0	64	23	17	23	0	0	12	11	15	0	64	62	64	16
233	1698880794.8600035	12	64	0	15	63	64	21	0	64	17	17	30	18	64	63	64	0	60	64	0	14	11	15	0	0	64	22	64	64	0	64	17	38	0	64	40	64	14	0	0	62	64	15	0	64	14	18	64
234	1698880794.894158	64	18	0	21	24	26	19	0	16	8	12	10	64	9	15	64	0	21	64	0	64	64	64	0	0	64	64	15	18	0	16	12	42	0	64	64	19	26	0	0	63	64	14	0	19	64	64	64
235	1698880794.9352624	64	15	0	62	64	15	21	0	16	7	61	63	64	23	11	64	0	7	13	0	8	64	64	0	0	64	64	64	64	0	64	64	64	0	64	63	16	19	0	0	63	64	63	0	14	11	64	64
236	1698880794.9769244	64	13	0	33	14	64	64	0	14	12	21	14	18	64	64	21	0	64	64	0	64	17	20	0	0	63	64	63	40	0	16	22	64	0	64	14	64	64	0	0	44	64	59	0	64	61	43	61
237	1698880795.014733	14	64	0	21	42	63	64	0	27	20	64	61	64	39	64	64	0	20	64	0	27	64	17	0	0	24	15	34	64	0	39	39	64	0	64	17	64	64	0	0	22	17	42	0	63	39	16	33
238	1698880795.0523767	20	10	0	18	64	18	17	0	64	64	16	12	64	19	19	13	0	64	13	0	64	17	14	0	0	14	17	64	15	0	42	64	64	0	22	64	16	64	0	0	64	16	64	0	64	12	17	64
239	1698880795.0890589	17	15	0	23	23	64	31	0	18	16	64	64	42	45	64	64	0	38	21	0	64	27	64	0	0	15	25	19	22	0	64	64	25	0	30	64	19	64	0	0	23	64	60	0	20	64	64	16
240	1698880795.126576	19	19	0	35	64	15	64	0	64	23	17	17	21	64	21	64	0	36	64	0	64	64	26	0	0	15	64	64	19	0	17	64	30	0	32	18	64	19	0	0	64	28	10	0	15	64	8	9
241	1698880795.1671312	25	11	0	64	13	64	17	0	18	14	16	21	64	64	64	64	0	16	15	0	64	29	16	0	0	20	11	64	12	0	14	64	30	0	64	64	64	15	0	0	64	22	64	0	14	64	62	14
242	1698880795.204562	17	16	0	64	14	20	64	0	20	64	64	64	13	17	64	15	0	15	64	0	16	64	15	0	0	23	64	21	64	0	16	9	64	0	39	11	18	14	0	0	38	64	63	0	24	64	16	10
243	1698880795.241532	31	10	0	23	12	26	25	0	26	64	13	40	21	19	37	64	0	64	64	0	35	64	64	0	0	64	64	4	13	0	27	63	64	0	15	15	64	64	0	0	62	17	63	0	64	21	16	64
244	1698880795.2847571	64	64	0	14	10	64	64	0	64	64	64	10	11	13	12	17	0	64	64	0	64	64	15	0	0	64	21	64	64	0	64	64	42	0	22	64	13	12	0	0	16	64	64	0	12	8	12	64
245	1698880795.32602	33	6	0	15	24	22	19	0	62	64	64	64	18	64	11	17	0	64	64	0	15	24	21	0	0	64	64	64	5	0	12	64	64	0	31	21	31	64	0	0	64	64	16	0	64	62	63	64
246	1698880795.365972	19	14	0	64	5	21	64	0	17	20	17	25	8	23	64	64	0	64	64	0	64	64	64	0	0	43	11	16	64	0	64	24	64	0	22	36	24	19	0	0	64	64	19	0	20	16	34	33
247	1698880795.4052258	5	13	0	22	9	13	64	0	64	64	64	10	15	14	64	14	0	64	12	0	13	64	20	0	0	64	16	13	64	0	64	6	34	0	64	64	64	64	0	0	64	64	5	0	12	10	64	17
248	1698880795.4455438	64	17	0	13	64	64	13	0	25	64	64	11	64	13	19	64	0	15	63	0	64	64	62	0	0	15	64	64	9	0	43	14	64	0	64	64	25	28	0	0	39	23	14	0	64	61	20	8
249	1698880795.4851775	64	64	0	64	64	16	19	0	17	64	21	14	64	64	13	64	0	64	64	0	15	11	62	0	0	25	19	10	64	0	24	64	64	0	64	64	17	15	0	0	19	15	10	0	16	64	14	18
250	1698880795.52379	64	64	0	9	62	15	64	0	61	64	9	64	64	64	64	64	0	35	16	0	64	64	61	0	0	64	22	14	64	0	17	64	64	0	17	64	18	18	0	0	11	64	9	0	64	15	13	64
251	1698880795.5608125	64	64	0	14	9	12	64	0	64	64	6	9	10	20	64	8	0	63	16	0	8	64	61	0	0	5	64	64	64	0	6	64	64	0	29	12	8	11	0	0	12	64	64	0	11	64	2	64
252	1698880795.6036873	64	20	0	17	64	64	12	0	15	13	64	64	8	64	64	25	0	11	64	0	8	15	64	0	0	9	64	11	20	0	64	15	64	0	64	64	64	15	0	0	64	36	17	0	23	11	64	18
253	1698880795.6431859	21	64	0	15	22	64	18	0	64	64	16	11	14	64	16	64	0	64	64	0	28	19	64	0	0	19	64	13	30	0	64	64	64	0	16	10	64	64	0	0	64	64	12	0	64	63	10	13
254	1698880795.6779618	18	64	0	33	8	33	64	0	14	64	12	61	17	64	19	64	0	18	64	0	64	13	64	0	0	64	18	17	17	0	16	64	31	0	13	64	64	14	0	0	33	64	10	0	64	64	64	19
255	1698880795.7129083	64	64	0	26	17	24	16	0	13	11	16	20	13	64	12	21	0	64	64	0	64	21	17	0	0	64	64	64	12	0	11	3	28	0	64	64	64	9	0	0	64	64	58	0	64	12	64	64
256	1698880795.7536113	64	64	0	9	8	64	16	0	14	12	62	64	64	10	64	64	0	34	17	0	26	23	6	0	0	64	64	64	64	0	23	64	64	0	14	17	64	64	0	0	15	21	17	0	64	11	64	30
257	1698880795.7948537	12	19	0	10	13	64	13	0	64	4	13	13	13	18	14	64	0	64	64	0	16	31	13	0	0	7	64	64	6	0	24	64	64	0	14	11	64	64	0	0	21	9	12	0	64	61	62	9
258	1698880795.8370652	14	15	0	10	11	5	64	0	64	64	13	1	11	12	64	15	0	7	64	0	64	64	14	0	0	64	64	64	17	0	64	64	25	0	30	64	7	13	0	0	19	64	63	0	14	62	14	12
259	1698880795.8792455	64	13	0	63	13	11	64	0	16	13	64	64	64	64	64	64	0	64	11	0	64	64	12	0	0	9	64	64	23	0	64	13	64	0	32	11	64	18	0	0	64	63	41	0	64	18	64	64
260	1698880795.921912	22	15	0	63	16	64	62	0	19	22	15	10	63	64	64	64	0	62	64	0	64	64	60	0	0	64	26	10	29	0	64	64	64	0	64	14	64	64	0	0	16	64	63	0	64	63	12	64
261	1698880795.9638302	11	34	0	11	64	19	64	0	64	64	64	19	22	16	19	11	0	64	12	0	15	64	64	0	0	13	9	18	64	0	17	15	64	0	64	64	26	64	0	0	64	64	62	0	13	17	64	27
262	1698880796.005227	11	17	0	12	64	64	64	0	64	64	64	64	63	16	64	13	0	64	17	0	64	16	64	0	0	3	63	64	10	0	21	64	64	0	30	64	19	18	0	0	17	8	8	0	64	27	64	64
263	1698880796.0432615	64	21	0	64	11	64	60	0	64	16	14	63	64	27	14	64	0	16	64	0	64	17	64	0	0	64	64	15	64	0	14	64	41	0	64	64	15	64	0	0	15	9	9	0	64	64	5	13
264	1698880796.0866978	5	14	0	24	61	64	19	0	6	64	11	15	64	64	64	12	0	62	9	0	64	64	64	0	0	64	14	17	64	0	64	14	64	0	64	64	64	12	0	0	11	64	63	0	64	64	60	64
265	1698880796.124834	31	24	0	24	16	64	64	0	64	64	63	64	11	32	64	15	0	15	12	0	64	33	64	0	0	6	17	64	64	0	15	7	26	0	64	64	64	64	0	0	64	18	60	0	62	64	63	20
266	1698880796.1605103	64	12	0	16	64	64	64	0	16	21	64	64	8	10	64	64	0	64	64	0	64	64	10	0	0	64	64	17	64	0	15	64	64	0	22	64	64	13	0	0	64	64	12	0	17	19	39	22
267	1698880796.1980636	15	13	0	64	26	37	64	0	8	17	61	64	64	13	23	64	0	64	64	0	21	21	23	0	0	36	10	64	37	0	38	63	29	0	64	64	64	64	0	0	44	64	15	0	11	60	17	64
268	1698880796.2514288	64	16	0	64	64	64	62	0	64	14	63	60	64	14	64	18	0	19	64	0	17	64	15	0	0	64	16	63	12	0	17	12	64	0	32	64	64	30	0	0	64	26	59	0	64	62	19	10
269	1698880796.2943537	63	64	0	18	64	64	10	0	63	13	15	15	64	64	64	11	0	12	4	0	64	14	9	0	0	64	13	19	64	0	21	64	35	0	20	18	64	64	0	0	36	31	64	0	19	30	61	42
270	1698880796.3389616	64	64	0	64	14	64	64	0	9	13	64	64	1	64	2	14	0	64	64	0	12	64	10	0	0	60	64	64	23	0	12	7	33	0	9	64	64	4	0	0	64	64	11	0	64	64	63	64
271	1698880796.3792193	64	64	0	61	18	31	64	0	22	64	15	14	30	64	64	33	0	34	18	0	64	17	18	0	0	38	18	64	17	0	64	16	64	0	23	16	19	38	0	0	41	12	14	0	16	40	19	37
272	1698880796.4114492	19	12	0	64	63	64	64	0	14	13	64	64	11	12	64	64	0	64	4	0	64	12	11	0	0	64	64	64	64	0	4	8	64	0	12	64	64	9	0	0	64	64	60	0	7	64	8	64
273	1698880796.448885	33	25	0	37	61	18	64	0	64	64	14	64	64	14	42	11	0	25	64	0	6	12	14	0	0	20	64	64	64	0	17	20	41	0	64	8	29	64	0	0	64	7	15	0	64	64	14	13
274	1698880796.4829214	10	9	0	27	64	9	64	0	64	28	64	15	64	27	20	64	0	64	64	0	64	14	64	0	0	13	64	64	64	0	64	19	39	0	64	17	13	64	0	0	15	21	63	0	64	15	14	26
275	1698880796.5191872	20	22	0	21	64	15	14	0	15	22	17	8	64	14	64	12	0	64	13	0	64	21	18	0	0	19	13	64	15	0	31	64	64	0	38	62	16	64	0	0	64	64	20	0	16	24	59	64
276	1698880796.5593972	17	64	0	34	17	12	64	0	64	15	20	10	15	16	64	64	0	17	17	0	64	6	64	0	0	64	61	62	64	0	64	19	39	0	64	57	17	64	0	0	20	19	62	0	64	63	64	21
277	1698880796.601277	64	26	0	64	62	21	64	0	18	9	64	64	64	15	64	15	0	12	15	0	64	17	8	0	0	18	26	16	16	0	64	12	38	0	41	16	27	18	0	0	64	64	64	0	14	64	13	64
278	1698880796.6415324	4	64	0	11	17	12	64	0	64	64	64	15	10	64	64	4	0	64	64	0	64	10	10	0	0	64	8	11	13	0	11	64	38	0	12	64	12	6	0	0	17	64	63	0	64	63	36	21
279	1698880796.6734586	64	12	0	13	6	14	64	0	60	64	24	14	17	64	64	25	0	64	63	0	64	18	64	0	0	20	64	64	12	0	64	16	64	0	64	17	64	64	0	0	64	64	10	0	64	14	64	64
280	1698880796.7161393	63	16	0	20	11	11	64	0	64	17	13	64	64	5	11	64	0	64	64	0	18	64	64	0	0	18	64	13	12	0	20	8	64	0	64	13	14	64	0	0	14	64	13	0	14	64	39	64
281	1698880796.7589097	37	14	0	62	64	64	64	0	15	15	6	64	17	20	13	64	0	64	64	0	24	64	62	0	0	6	11	14	64	0	64	25	64	0	28	64	64	14	0	0	63	16	15	0	64	62	33	64
282	1698880796.798806	64	15	0	64	18	64	64	0	64	12	11	64	64	14	64	64	0	64	15	0	28	17	64	0	0	23	19	16	14	0	64	10	31	0	19	64	21	29	0	0	64	19	20	0	64	42	64	14
283	1698880796.84152	62	20	0	64	19	64	0	0	14	64	19	62	64	64	17	64	0	64	63	0	64	64	11	0	0	64	13	23	64	0	64	64	64	0	64	27	64	16	0	0	14	13	15	0	13	64	21	25
284	1698880796.8830626	64	64	0	64	64	64	11	0	22	64	13	58	12	13	9	12	0	63	15	0	64	64	64	0	0	16	9	64	12	0	11	12	64	0	18	64	64	64	0	0	64	10	10	0	64	61	64	20
285	1698880796.9247355	62	18	0	63	62	64	17	0	25	9	12	64	12	64	15	7	0	63	14	0	64	64	6	0	0	6	22	17	19	0	64	16	64	0	23	64	64	64	0	0	9	64	13	0	64	64	17	21
286	1698880796.9660869	63	64	0	64	63	64	11	0	62	17	11	16	10	24	64	64	0	63	10	0	64	28	64	0	0	19	64	64	23	0	15	13	64	0	35	64	12	64	0	0	19	64	64	0	9	61	64	23
287	1698880797.0095413	62	8	0	11	61	64	64	0	64	10	64	61	64	9	16	9	0	64	64	0	64	64	61	0	0	64	64	64	12	0	64	8	25	0	64	10	13	64	0	0	8	64	13	0	15	64	64	12
288	1698880797.0530164	10	64	0	64	64	64	12	0	64	9	9	10	64	64	14	13	0	10	11	0	12	11	14	0	0	64	16	11	64	0	23	12	22	0	14	21	16	64	0	0	15	19	64	0	14	7	64	64
289	1698880797.0940301	10	64	0	64	15	11	64	0	64	64	64	11	64	64	64	64	0	11	64	0	18	64	64	0	0	64	64	64	13	0	15	64	39	0	64	64	64	64	0	0	61	64	13	0	64	61	64	64
290	1698880797.1306522	18	64	0	63	62	64	64	0	63	64	19	64	14	64	15	64	0	62	18	0	19	18	11	0	0	23	63	64	17	0	64	64	64	0	62	64	64	64	0	0	64	9	60	0	14	13	16	17
291	1698880797.1802013	11	64	0	64	64	11	64	0	16	64	64	64	20	31	64	64	0	13	59	0	13	64	64	0	0	64	64	9	64	0	13	22	37	0	38	13	14	15	0	0	17	64	60	0	19	62	64	64
292	1698880797.2200067	33	64	0	41	40	33	41	0	42	38	63	62	39	15	64	39	0	19	11	0	40	64	64	0	0	63	63	45	41	0	29	62	40	0	42	64	44	64	0	0	40	64	62	0	23	64	42	64
293	1698880797.2573447	17	64	0	13	64	64	18	0	11	34	64	14	15	12	11	22	0	64	13	0	64	19	64	0	0	63	64	64	19	0	22	64	64	0	14	64	64	64	0	0	39	18	64	0	64	23	7	64
294	1698880797.2923062	64	64	0	16	62	64	16	0	63	64	64	7	64	14	10	64	0	59	64	0	63	64	22	0	0	15	64	18	64	0	20	64	64	0	16	64	12	64	0	0	64	64	63	0	13	14	64	26
295	1698880797.3254955	9	64	0	13	61	11	12	0	12	64	22	12	64	24	10	64	0	2	64	0	14	64	64	0	0	64	10	64	3	0	12	64	64	0	12	64	64	64	0	0	64	13	60	0	64	6	64	64
296	1698880797.3629422	60	64	0	62	62	15	64	0	64	16	63	60	64	64	13	64	0	64	18	0	64	64	11	0	0	64	13	13	64	0	62	64	64	0	63	64	64	64	0	0	16	64	62	0	63	11	8	21
297	1698880797.4066193	20	13	0	64	23	16	36	0	61	64	10	18	26	15	18	64	0	64	15	0	64	64	64	0	0	13	18	64	64	0	64	19	64	0	25	19	64	64	0	0	64	64	14	0	16	64	35	21
298	1698880797.4504888	22	64	0	12	63	25	18	0	64	64	13	18	15	64	64	28	0	64	14	0	22	64	64	0	0	23	18	8	20	0	64	64	34	0	42	16	64	64	0	0	64	64	10	0	63	21	64	64
299	1698880797.48934	64	16	0	20	64	13	15	0	55	9	64	61	64	19	20	64	0	16	64	0	64	64	64	0	0	10	15	19	20	0	5	38	64	0	64	64	16	16	0	0	62	32	9	0	64	63	64	23
300	1698880797.5231006	16	14	0	6	64	13	14	0	14	9	64	12	17	13	25	18	0	63	15	0	13	23	64	0	0	13	64	8	64	0	10	9	64	0	64	64	25	14	0	0	64	64	18	0	10	64	64	64
301	1698880797.5639923	64	64	0	8	63	64	64	0	11	64	63	64	11	64	64	10	0	62	64	0	64	9	62	0	0	64	64	64	64	0	4	64	64	0	3	64	64	4	0	0	6	62	13	0	63	4	13	64
302	1698880797.6030958	21	19	0	63	11	14	64	0	59	64	64	14	64	10	64	64	0	60	63	0	15	64	14	0	0	15	57	64	13	0	64	64	64	0	64	25	14	64	0	0	64	16	62	0	63	62	64	22
303	1698880797.637914	61	64	0	10	64	9	12	0	64	17	64	14	8	64	64	64	0	4	64	0	11	64	8	0	0	15	61	64	7	0	6	11	64	0	61	64	11	7	0	0	64	64	63	0	62	64	4	64
304	1698880797.6709828	64	16	0	64	17	64	15	0	11	9	19	11	14	64	64	64	0	64	64	0	20	64	64	0	0	11	61	64	20	0	63	19	43	0	36	64	64	64	0	0	23	16	62	0	22	62	64	11
305	1698880797.7072933	15	15	0	14	14	64	10	0	62	64	64	7	9	64	12	64	0	64	14	0	64	64	64	0	0	12	64	15	64	0	21	13	34	0	64	64	64	8	0	0	11	64	16	0	64	62	59	64
306	1698880797.7491283	12	64	0	15	64	64	15	0	64	24	64	12	64	16	64	18	0	60	12	0	64	64	17	0	0	64	21	64	14	0	64	64	27	0	38	10	64	64	0	0	16	10	14	0	64	12	64	64
307	1698880797.783734	62	64	0	8	11	64	64	0	7	64	64	12	7	64	64	8	0	63	64	0	64	63	64	0	0	64	64	64	4	0	11	7	40	0	64	64	14	64	0	0	64	12	13	0	5	7	64	64
308	1698880797.8262537	21	23	0	12	8	64	64	0	14	64	64	63	64	64	10	23	0	11	17	0	18	12	64	0	0	21	64	14	64	0	64	25	64	0	64	4	16	64	0	0	64	64	64	0	64	20	12	25
309	1698880797.8676894	64	17	0	9	12	14	64	0	12	64	16	64	15	64	64	64	0	63	60	0	64	64	4	0	0	15	64	15	16	0	64	15	22	0	64	64	64	64	0	0	64	7	5	0	13	16	7	7
310	1698880797.9037285	20	64	0	60	10	64	64	0	11	11	64	9	64	18	63	12	0	62	17	0	18	64	64	0	0	64	64	11	14	0	15	64	42	0	64	64	64	64	0	0	12	64	58	0	12	62	64	18
311	1698880797.938459	44	64	0	17	10	26	38	0	64	14	64	64	38	32	16	64	0	63	24	0	17	38	28	0	0	16	14	64	64	0	38	18	31	0	64	64	64	25	0	0	64	26	63	0	63	15	20	64
312	1698880797.9735208	14	13	0	64	64	64	64	0	14	64	64	64	64	16	14	11	0	62	64	0	64	13	4	0	0	10	64	12	64	0	14	4	33	0	17	19	9	15	0	0	19	64	64	0	20	7	64	13
313	1698880798.0099485	62	13	0	64	64	64	16	0	6	64	64	64	64	64	19	64	0	60	22	0	20	15	64	0	0	14	64	23	19	0	15	21	26	0	13	16	15	64	0	0	64	20	63	0	17	10	64	64
314	1698880798.0478373	64	64	0	64	11	64	60	0	13	64	64	9	12	64	10	64	0	64	8	0	64	8	64	0	0	13	13	64	15	0	64	8	64	0	12	17	8	6	0	0	8	64	11	0	64	64	64	64
315	1698880798.0881915	64	64	0	9	64	64	13	0	64	14	14	7	14	11	23	20	0	64	13	0	64	18	19	0	0	12	64	18	64	0	64	64	36	0	33	9	64	64	0	0	27	14	11	0	64	64	20	64
316	1698880798.1307578	14	64	0	15	61	64	19	0	16	64	14	63	64	64	15	15	0	16	8	0	24	64	64	0	0	64	64	64	17	0	64	64	64	0	35	64	13	64	0	0	64	14	61	0	11	14	14	14
317	1698880798.1698718	64	16	0	10	9	11	64	0	64	11	64	9	17	64	8	64	0	61	64	0	64	64	13	0	0	17	12	13	12	0	10	5	22	0	64	64	8	64	0	0	11	13	57	0	9	9	64	64
318	1698880798.2021966	12	11	0	14	16	3	13	0	64	64	64	64	8	8	64	64	0	64	64	0	15	64	64	0	0	8	17	13	7	0	64	64	26	0	8	64	64	64	0	0	64	64	64	0	6	61	4	64
319	1698880798.2396421	64	64	0	63	17	64	4	0	12	11	63	63	64	18	11	18	0	11	64	0	64	64	64	0	0	9	11	64	64	0	20	64	13	0	64	64	64	14	0	0	64	64	13	0	7	63	16	13
320	1698880798.272628	64	64	0	8	64	10	7	0	63	14	6	8	13	64	64	13	0	2	64	0	64	17	21	0	0	19	64	64	12	0	20	6	35	0	64	13	64	17	0	0	64	20	16	0	13	15	64	13
321	1698880798.308839	64	64	0	64	12	64	64	0	13	64	23	12	64	12	64	64	0	64	28	0	12	64	16	0	0	23	64	64	9	0	18	12	64	0	17	64	64	28	0	0	9	64	64	0	12	64	22	24
322	1698880798.3448539	2	64	0	7	13	64	7	0	7	64	64	64	16	64	64	64	0	61	64	0	64	14	6	0	0	9	64	15	64	0	64	19	64	0	64	15	14	13	0	0	14	16	64	0	5	64	64	23
323	1698880798.3831656	19	64	0	63	13	64	64	0	42	64	14	12	64	64	16	64	0	61	64	0	64	15	22	0	0	20	17	64	14	0	64	64	21	0	64	64	64	64	0	0	64	64	64	0	64	11	64	14
324	1698880798.4217896	64	64	0	11	64	64	15	0	63	64	16	11	26	14	64	23	0	15	64	0	10	17	64	0	0	13	61	63	64	0	16	64	64	0	16	61	13	64	0	0	63	64	61	0	13	60	64	64
325	1698880798.4638991	61	14	0	64	14	19	12	0	25	21	64	21	16	37	64	64	0	16	64	0	41	64	64	0	0	64	15	64	41	0	64	19	64	0	21	17	9	64	0	0	14	18	9	0	64	27	64	15
326	1698880798.5077195	21	21	0	64	38	64	37	0	14	35	17	14	64	64	19	11	0	26	11	0	64	64	21	0	0	64	64	64	64	0	25	14	44	0	21	64	64	64	0	0	7	18	61	0	28	25	64	64
327	1698880798.5457444	64	64	0	64	10	64	3	0	61	64	64	64	64	64	20	8	0	11	11	0	8	64	7	0	0	10	64	14	64	0	20	64	20	0	64	64	16	7	0	0	13	9	7	0	12	61	64	9
328	1698880798.5838304	15	11	0	11	12	64	64	0	12	64	64	9	18	14	23	64	0	12	16	0	64	12	64	0	0	64	20	18	64	0	64	17	42	0	64	64	64	64	0	0	64	11	61	0	64	23	19	64
329	1698880798.6214728	62	64	0	62	64	11	6	0	64	64	7	63	9	64	64	20	0	14	64	0	64	64	64	0	0	26	64	16	64	0	7	64	30	0	62	15	64	23	0	0	43	22	63	0	6	64	11	19
330	1698880798.6562455	64	19	0	15	12	18	62	0	64	64	63	64	64	14	64	64	0	14	42	0	64	64	0	0	0	31	41	64	64	0	38	64	64	0	30	26	19	18	0	0	11	64	16	0	28	28	26	62
331	1698880798.692726	63	64	0	8	13	13	64	0	62	64	64	9	11	64	4	64	0	5	8	0	11	64	64	0	0	18	64	10	64	0	24	64	64	0	15	7	12	14	0	0	6	6	57	0	30	12	63	9
332	1698880798.727627	13	64	0	63	62	64	64	0	64	64	14	13	18	13	63	64	0	12	61	0	7	21	63	0	0	16	64	63	16	0	64	64	40	0	64	19	64	64	0	0	64	64	9	0	14	11	64	59
333	1698880798.7637353	64	9	0	64	8	64	12	0	14	64	9	64	6	13	19	64	0	12	11	0	12	64	63	0	0	64	64	17	8	0	64	15	64	0	12	10	64	64	0	0	64	64	3	0	3	64	3	64
334	1698880798.799893	64	64	0	10	64	10	64	0	4	13	13	64	12	13	13	7	0	5	64	0	64	64	64	0	0	13	20	14	14	0	64	24	41	0	64	5	27	64	0	0	15	64	64	0	9	20	5	24
335	1698880798.8377998	62	64	0	8	13	64	8	0	62	64	11	63	4	10	6	64	0	62	64	0	13	64	6	0	0	64	14	18	16	0	64	17	64	0	64	14	24	29	0	0	22	28	7	0	64	60	63	8
336	1698880798.874217	27	64	0	64	17	64	64	0	62	23	64	15	64	6	64	13	0	15	12	0	14	14	11	0	0	64	20	62	64	0	59	64	37	0	40	63	64	20	0	0	63	64	16	0	17	12	39	43
337	1698880798.916547	61	64	0	64	24	23	13	0	14	6	22	63	64	17	15	19	0	18	64	0	21	10	64	0	0	64	11	63	17	0	31	17	33	0	20	64	64	64	0	0	19	17	14	0	64	63	64	64
338	1698880798.9625015	64	64	0	12	61	18	63	0	64	10	19	64	64	20	14	14	0	14	62	0	64	18	13	0	0	64	60	22	16	0	64	15	38	0	64	21	64	64	0	0	16	64	64	0	19	21	63	14
339	1698880799.004502	24	64	0	10	64	64	26	0	14	64	23	12	64	62	64	64	0	21	15	0	64	64	64	0	0	13	34	16	64	0	64	20	43	0	63	15	22	17	0	0	25	64	17	0	64	15	27	39
340	1698880799.0378723	17	64	0	64	11	64	9	0	24	64	14	10	62	10	64	64	0	63	64	0	64	64	7	0	0	22	18	13	64	0	21	39	64	0	36	14	15	64	0	0	64	61	20	0	44	16	64	25
341	1698880799.0762281	12	64	0	15	63	20	63	0	8	64	64	18	9	18	8	64	0	64	12	0	10	14	64	0	0	18	11	14	64	0	59	7	64	0	64	64	64	64	0	0	64	64	62	0	6	5	5	64
342	1698880799.1104522	64	64	0	7	61	12	62	0	7	12	64	11	64	64	61	7	0	64	13	0	64	63	64	0	0	64	64	64	64	0	14	64	34	0	34	12	13	14	0	0	64	64	20	0	62	13	10	21
343	1698880799.1517816	12	64	0	10	9	64	64	0	10	18	5	64	64	63	64	64	0	62	2	0	15	64	64	0	0	64	6	9	64	0	64	13	19	0	64	59	9	64	0	0	10	64	62	0	63	64	18	15
344	1698880799.1947598	13	9	0	64	4	64	2	0	19	16	64	62	64	10	64	64	0	3	64	0	64	9	12	0	0	6	15	64	5	0	22	64	64	0	64	10	9	14	0	0	64	18	63	0	64	64	63	12
345	1698880799.234257	8	5	0	17	64	11	64	0	64	64	64	5	7	4	64	64	0	5	6	0	15	64	64	0	0	14	64	64	11	0	17	64	64	0	14	64	19	18	0	0	11	10	59	0	64	62	62	24
346	1698880799.2763011	64	64	0	64	64	63	10	0	6	64	64	64	12	64	8	64	0	6	64	0	64	5	64	0	0	5	64	17	21	0	14	15	35	0	13	14	64	64	0	0	64	8	12	0	11	64	4	11
347	1698880799.3154173	62	64	0	15	9	64	20	0	63	64	9	28	64	64	6	64	0	63	15	0	64	64	21	0	0	12	14	64	14	0	64	12	24	0	64	64	64	20	0	0	12	64	16	0	64	64	18	64
348	1698880799.3589227	9	64	0	9	12	12	22	0	8	17	8	64	11	64	64	64	0	61	64	0	17	19	64	0	0	64	19	64	21	0	22	64	64	0	34	19	19	63	0	0	21	64	64	0	63	62	64	63
349	1698880799.3987763	4	64	0	64	8	64	9	0	64	64	64	64	64	12	17	64	0	62	13	0	64	29	64	0	0	64	64	17	23	0	8	64	25	0	64	64	64	10	0	0	10	18	57	0	62	14	15	9
350	1698880799.439478	17	64	0	64	37	24	17	0	19	64	64	63	64	64	16	64	0	63	10	0	9	64	10	0	0	64	15	14	64	0	14	17	64	0	13	11	17	64	0	0	64	64	61	0	62	9	63	64
351	1698880799.4783707	64	64	0	63	7	6	64	0	21	13	15	13	64	4	8	12	0	2	3	0	13	16	64	0	0	64	8	5	12	0	64	11	64	0	11	16	18	22	0	0	64	64	6	0	13	62	9	64
352	1698880799.51348	63	64	0	64	9	64	64	0	18	64	7	12	60	64	16	2	0	0	8	0	64	5	10	0	0	63	12	3	64	0	64	64	14	0	64	64	64	64	0	0	64	4	62	0	2	3	5	8
353	1698880799.5467143	64	6	0	64	14	6	10	0	4	8	64	6	13	64	9	4	0	64	64	0	64	14	64	0	0	10	64	8	58	0	12	64	37	0	64	64	9	9	0	0	64	64	10	0	64	64	64	5
354	1698880799.5845294	64	64	0	8	12	4	10	0	11	64	10	64	64	64	64	64	0	6	10	0	64	64	64	0	0	64	64	64	60	0	64	64	64	0	12	10	64	63	0	0	64	64	11	0	64	8	64	64
355	1698880799.6277602	15	64	0	8	16	37	64	0	63	64	64	16	64	64	64	30	0	60	64	0	11	23	64	0	0	64	14	12	39	0	11	64	64	0	22	20	16	14	0	0	20	11	61	0	31	62	62	64
356	1698880799.669504	64	5	0	4	64	22	2	0	8	64	7	4	64	64	10	64	0	63	18	0	64	13	64	0	0	14	61	64	10	0	64	11	30	0	64	6	64	12	0	0	15	64	62	0	64	4	10	64
357	1698880799.7069223	64	64	0	28	9	16	15	0	64	7	64	63	64	15	16	13	0	63	22	0	5	16	64	0	0	64	20	17	64	0	12	64	64	0	40	13	10	64	0	0	14	64	16	0	14	64	63	64
358	1698880799.7440333	13	64	0	64	11	64	64	0	13	64	15	16	64	64	64	64	0	64	11	0	25	20	64	0	0	9	63	18	64	0	33	14	36	0	41	64	64	40	0	0	14	19	64	0	18	61	38	64
359	1698880799.7796416	13	64	0	20	13	30	19	0	14	64	15	64	16	64	64	12	0	62	26	0	32	16	17	0	0	16	64	23	64	0	24	34	64	0	64	16	64	22	0	0	18	25	35	0	33	16	13	64
360	1698880799.814311	12	21	0	63	63	15	16	0	61	64	64	64	17	64	13	64	0	63	63	0	64	29	9	0	0	64	12	64	17	0	11	64	64	0	64	64	64	14	0	0	12	64	57	0	63	10	64	64
361	1698880799.853861	8	64	0	64	13	64	10	0	12	64	64	64	9	10	64	9	0	64	12	0	6	9	16	0	0	6	10	64	64	0	64	15	25	0	6	64	64	64	0	0	62	13	21	0	64	13	63	4
362	1698880799.8973517	13	10	0	63	63	64	7	0	64	5	12	64	64	6	9	64	0	64	64	0	19	12	64	0	0	10	5	6	5	0	3	64	64	0	64	64	64	15	0	0	64	8	62	0	64	17	64	64
363	1698880799.9336083	8	10	0	64	63	15	64	0	62	3	64	7	64	64	11	64	0	2	4	0	9	10	3	0	0	64	62	14	64	0	64	14	64	0	16	64	64	14	0	0	64	17	8	0	14	64	64	64
364	1698880799.9744728	20	17	0	64	17	7	64	0	64	64	13	10	10	64	15	64	0	15	64	0	5	22	64	0	0	23	5	9	12	0	64	64	64	0	64	9	64	64	0	0	64	11	10	0	5	63	21	12
365	1698880800.0164182	11	64	0	64	11	64	63	0	64	26	16	10	64	64	11	21	0	13	24	0	20	64	64	0	0	15	64	64	24	0	13	64	31	0	64	64	64	64	0	0	13	64	8	0	63	63	64	11
366	1698880800.0509467	18	64	0	63	24	64	64	0	13	29	14	15	11	64	12	16	0	11	11	0	15	23	19	0	0	64	15	64	7	0	16	64	21	0	64	64	21	64	0	0	23	64	13	0	64	63	15	18
367	1698880800.0833375	64	64	0	64	61	64	64	0	64	9	15	56	60	20	64	8	0	64	64	0	12	4	64	0	0	7	6	64	64	0	12	64	64	0	64	64	13	64	0	0	6	13	9	0	64	6	64	8
368	1698880800.1196852	63	64	0	64	60	64	14	0	11	64	64	63	64	13	64	64	0	9	14	0	62	64	64	0	0	64	12	27	64	0	64	63	28	0	64	21	64	19	0	0	25	22	16	0	64	11	15	14
369	1698880800.1608524	18	64	0	18	17	64	64	0	17	23	18	12	22	16	64	9	0	61	64	0	64	64	64	0	0	16	17	62	11	0	18	64	64	0	17	17	64	14	0	0	64	64	62	0	20	64	64	15
370	1698880800.2039297	41	64	0	10	10	64	64	0	61	14	61	64	16	64	13	5	0	14	19	0	64	18	13	0	0	16	14	24	64	0	64	17	64	0	64	20	13	64	0	0	17	64	11	0	64	64	16	16
371	1698880800.24214	23	64	0	18	62	64	16	0	63	64	62	14	15	64	14	25	0	63	11	0	64	28	19	0	0	64	18	9	64	0	64	17	64	0	64	64	15	13	0	0	13	64	62	0	64	12	15	17
372	1698880800.2763846	17	10	0	20	64	64	11	0	64	21	17	64	24	64	35	14	0	13	16	0	64	64	2	0	0	64	14	64	5	0	64	64	64	0	15	64	5	64	0	0	16	15	8	0	18	64	11	8
373	1698880800.3132758	4	64	0	11	64	64	12	0	13	13	3	63	6	64	64	17	0	63	9	0	64	14	13	0	0	64	64	17	64	0	9	4	64	0	64	64	64	7	0	0	64	64	3	0	64	10	64	64
374	1698880800.3504007	13	64	0	64	61	15	64	0	14	64	13	11	64	64	19	64	0	11	61	0	64	64	20	0	0	12	64	64	8	0	12	64	64	0	64	64	16	63	0	0	64	29	21	0	16	61	64	64
375	1698880800.3867824	64	64	0	64	62	15	20	0	64	15	11	63	64	64	64	64	0	8	62	0	22	64	62	0	0	64	63	13	64	0	12	64	64	0	64	64	64	15	0	0	64	14	62	0	27	63	64	13
376	1698880800.4194686	64	16	0	20	64	64	12	0	63	13	64	62	16	19	64	64	0	63	64	0	64	64	11	0	0	11	64	15	64	0	14	64	64	0	10	64	64	64	0	0	17	64	62	0	15	62	63	64
377	1698880800.4517488	64	14	0	64	11	16	64	0	63	11	64	9	64	13	18	64	0	17	64	0	19	10	15	0	0	64	64	64	64	0	13	64	15	0	64	64	14	64	0	0	7	64	64	0	11	10	11	64
378	1698880800.490502	6	17	0	60	64	64	62	0	64	22	64	14	12	22	11	64	0	61	10	0	64	64	64	0	0	10	18	64	19	0	10	64	64	0	64	64	64	64	0	0	14	18	10	0	64	62	63	10
379	1698880800.5316708	38	19	0	24	64	11	9	0	12	64	64	19	21	64	17	20	0	12	16	0	16	39	27	0	0	64	20	18	22	0	29	64	41	0	25	15	13	64	0	0	64	20	17	0	16	64	64	22
380	1698880800.5714679	64	17	0	64	61	64	64	0	7	12	64	64	64	64	64	64	0	61	64	0	64	14	64	0	0	64	6	64	64	0	64	64	64	0	64	64	64	64	0	0	12	64	7	0	64	14	8	64
381	1698880800.6082551	42	19	0	60	61	18	64	0	63	64	64	18	17	12	61	19	0	59	12	0	59	19	60	0	0	17	18	62	17	0	64	64	64	0	64	61	20	64	0	0	63	16	61	0	58	62	63	64
382	1698880800.6471093	64	37	0	15	63	30	64	0	64	64	27	16	20	22	17	25	0	17	13	0	18	40	19	0	0	13	64	14	12	0	15	3	64	0	64	64	64	64	0	0	64	15	12	0	63	64	64	64
383	1698880800.688342	11	5	0	64	64	18	64	0	11	8	64	10	9	64	64	10	0	63	64	0	10	16	8	0	0	9	64	4	6	0	64	64	64	0	64	64	64	64	0	0	4	64	63	0	61	62	12	64
384	1698880800.7302482	16	64	0	11	12	64	5	0	19	12	64	14	3	64	64	64	0	11	64	0	29	18	64	0	0	64	11	64	64	0	64	14	64	0	64	13	64	10	0	0	64	15	62	0	20	64	16	13
385	1698880800.7628999	11	14	0	64	10	64	9	0	64	18	64	63	64	26	64	64	0	15	16	0	64	15	64	0	0	64	64	64	64	0	64	18	14	0	22	64	64	64	0	0	64	18	64	0	64	63	22	64
386	1698880800.805422	63	13	0	15	18	19	63	0	63	17	64	12	64	64	64	64	0	63	20	0	13	64	64	0	0	64	62	17	64	0	16	64	64	0	18	17	64	20	0	0	62	64	14	0	14	6	64	64
387	1698880800.8503213	64	17	0	13	12	23	18	0	26	26	17	64	23	25	64	64	0	62	64	0	17	64	11	0	0	20	21	28	35	0	34	25	64	0	64	22	27	36	0	0	64	64	63	0	19	64	9	64
388	1698880800.8971374	1	11	0	64	4	7	9	0	63	6	64	13	64	9	64	64	0	63	11	0	10	64	64	0	0	64	61	9	13	0	64	64	18	0	64	60	10	14	0	0	64	64	64	0	5	61	64	64
389	1698880800.9354904	61	18	0	18	11	64	10	0	21	64	64	13	13	19	21	64	0	63	11	0	19	64	19	0	0	17	64	63	21	0	20	4	64	0	64	5	64	10	0	0	22	16	64	0	64	8	64	15
390	1698880800.9739516	64	64	0	19	63	64	64	0	62	15	64	60	18	64	64	64	0	64	61	0	13	63	21	0	0	15	13	64	64	0	12	64	27	0	29	18	64	11	0	0	64	12	60	0	25	64	10	18
391	1698880801.0122137	64	14	0	64	11	64	13	0	7	64	14	10	64	64	10	21	0	10	64	0	10	64	6	0	0	64	3	64	64	0	64	64	21	0	64	64	64	4	0	0	11	12	62	0	10	12	63	3
392	1698880801.0508938	60	9	0	64	62	64	63	0	17	64	64	64	63	64	16	12	0	60	62	0	64	64	64	0	0	17	13	10	64	0	21	63	41	0	64	11	64	64	0	0	64	64	16	0	63	63	10	64
393	1698880801.0862896	63	6	0	63	63	64	16	0	64	19	15	13	23	15	64	27	0	18	64	0	64	22	15	0	0	24	64	24	8	0	64	18	38	0	37	42	64	64	0	0	37	39	17	0	64	19	17	64
394	1698880801.121648	60	64	0	63	9	64	64	0	17	19	10	63	64	64	63	64	0	61	11	0	64	13	63	0	0	64	61	64	19	0	64	33	64	0	19	12	10	15	0	0	63	64	61	0	64	60	64	39
395	1698880801.16181	8	24	0	64	7	7	64	0	11	20	64	5	64	4	14	12	0	18	64	0	64	20	1	0	0	14	9	12	7	0	37	64	64	0	64	12	64	64	0	0	8	64	62	0	12	9	64	64
396	1698880801.198037	62	64	0	63	61	64	14	0	64	9	7	59	5	64	64	64	0	18	9	0	10	64	10	0	0	64	6	14	63	0	9	64	27	0	64	9	64	10	0	0	64	64	63	0	64	64	64	63
397	1698880801.2361565	61	64	0	9	64	64	13	0	4	15	8	64	63	11	5	6	0	64	63	0	64	64	9	0	0	62	62	16	64	0	14	64	64	0	7	61	64	64	0	0	6	64	19	0	9	63	64	64
398	1698880801.2758594	58	63	0	63	62	64	23	0	60	19	64	11	64	25	17	28	0	59	62	0	18	64	37	0	0	14	64	64	40	0	64	36	44	0	35	42	64	64	0	0	18	62	38	0	7	60	63	63
399	1698880801.311177	14	64	0	9	60	63	58	0	59	64	10	64	12	64	64	13	0	62	13	0	64	64	63	0	0	64	64	17	25	0	42	64	18	0	33	18	64	27	0	0	18	5	63	0	14	63	15	64
400	1698880801.3486233	64	10	0	62	62	64	64	0	12	13	64	64	64	14	3	64	0	62	14	0	64	64	8	0	0	64	63	64	64	0	12	64	64	0	64	63	15	64	0	0	5	13	60	0	64	18	18	63
401	1698880801.3876312	60	11	0	64	19	64	14	0	13	15	63	18	64	64	16	64	0	62	64	0	64	25	64	0	0	39	20	42	15	0	33	32	64	0	37	18	33	64	0	0	22	22	31	0	25	64	40	42
402	1698880801.422651	62	7	0	10	63	11	16	0	63	64	12	62	21	63	13	10	0	62	8	0	64	64	63	0	0	15	63	64	64	0	64	63	64	0	24	64	5	64	0	0	62	64	13	0	61	63	60	64
403	1698880801.4624782	11	15	0	61	60	64	13	0	63	11	64	14	64	64	64	64	0	10	64	0	17	14	9	0	0	34	34	62	64	0	26	24	64	0	15	64	64	64	0	0	18	19	14	0	12	13	13	64
404	1698880801.5055676	61	13	0	64	62	64	12	0	64	22	18	13	64	20	8	13	0	64	10	0	15	12	15	0	0	64	60	19	9	0	64	23	64	0	23	64	18	64	0	0	14	64	60	0	18	15	63	31
405	1698880801.5446649	15	64	0	18	11	20	63	0	8	20	64	61	12	64	64	64	0	14	64	0	64	13	16	0	0	64	64	64	35	0	64	62	36	0	34	64	64	23	0	0	64	64	13	0	64	23	12	14
406	1698880801.5866234	5	12	0	5	13	64	64	0	64	64	12	64	64	13	64	64	0	61	10	0	62	12	64	0	0	64	7	64	12	0	64	64	25	0	15	64	10	12	0	0	11	64	24	0	11	5	5	64
407	1698880801.6260612	64	64	0	64	15	64	64	0	15	14	64	16	14	13	9	6	0	63	64	0	64	64	22	0	0	64	64	64	64	0	64	64	64	0	64	4	64	64	0	0	5	64	60	0	12	12	11	64
408	1698880801.6700273	63	64	0	19	14	64	12	0	63	16	63	15	63	64	23	24	0	64	54	0	64	22	64	0	0	16	12	11	64	0	19	64	64	0	17	10	64	64	0	0	13	64	15	0	64	61	62	64
409	1698880801.7127624	18	64	0	12	64	64	12	0	64	64	64	14	29	64	64	64	0	15	39	0	10	23	14	0	0	64	64	15	14	0	64	64	26	0	38	23	64	64	0	0	64	16	16	0	13	14	13	64
410	1698880801.7535093	63	64	0	64	64	10	11	0	64	14	21	13	11	64	64	12	0	64	20	0	63	64	61	0	0	64	14	64	16	0	64	21	16	0	28	16	64	64	0	0	9	12	39	0	16	11	14	22
411	1698880801.7909245	63	64	0	9	61	16	63	0	64	64	13	9	15	64	14	15	0	11	64	0	64	64	62	0	0	17	64	64	45	0	10	20	64	0	64	61	20	64	0	0	63	64	63	0	62	8	61	64
412	1698880801.8225474	17	26	0	63	13	11	11	0	63	64	9	62	64	64	18	17	0	61	63	0	26	64	64	0	0	20	64	64	32	0	29	64	64	0	64	19	14	35	0	0	37	17	15	0	22	63	63	17
413	1698880801.8627892	25	13	0	60	62	64	64	0	62	17	16	15	27	64	15	64	0	20	63	0	21	64	64	0	0	16	23	64	64	0	24	36	30	0	29	30	64	18	0	0	64	27	20	0	13	64	29	12
414	1698880801.905875	11	13	0	64	10	64	64	0	64	64	64	16	64	64	64	16	0	64	64	0	8	8	9	0	0	64	9	64	12	0	13	64	34	0	64	64	63	64	0	0	64	64	12	0	64	20	3	15
415	1698880801.9486616	62	5	0	13	62	64	7	0	64	64	16	62	64	14	64	64	0	62	62	0	13	64	22	0	0	64	64	64	43	0	64	15	41	0	64	17	15	15	0	0	34	64	12	0	15	14	17	39
416	1698880801.9903104	63	64	0	64	62	13	7	0	5	64	8	62	12	64	64	64	0	12	7	0	13	4	12	0	0	64	15	9	63	0	64	64	64	0	64	64	64	24	0	0	13	25	3	0	10	9	62	64
417	1698880802.0330176	12	64	0	11	63	13	13	0	63	19	21	5	64	64	21	63	0	62	9	0	64	64	64	0	0	64	19	41	21	0	26	64	31	0	16	14	59	64	0	0	36	41	16	0	18	63	15	41
418	1698880802.0661747	8	27	0	27	40	64	15	0	64	41	12	62	26	37	24	64	0	63	63	0	64	64	42	0	0	23	61	62	42	0	37	60	64	0	34	37	64	64	0	0	42	64	57	0	38	36	59	64
419	1698880802.1033576	23	21	0	64	21	9	21	0	63	64	23	14	64	64	63	15	0	13	62	0	62	64	8	0	0	64	64	15	64	0	64	13	27	0	18	64	18	64	0	0	64	17	64	0	8	63	4	13
420	1698880802.1424415	64	13	0	64	62	61	64	0	17	12	8	64	63	6	7	64	0	14	10	0	11	64	10	0	0	17	17	16	22	0	64	23	26	0	20	14	64	23	0	0	64	18	14	0	63	62	64	24
421	1698880802.17522	61	6	0	11	5	64	64	0	62	64	64	64	64	9	63	10	0	63	64	0	64	10	14	0	0	5	5	63	19	0	64	5	64	0	64	12	64	64	0	0	64	15	59	0	64	63	10	64
422	1698880802.21704	63	22	0	58	62	64	63	0	13	64	12	60	35	10	64	36	0	59	34	0	9	64	62	0	0	62	63	64	64	0	18	64	44	0	62	20	18	63	0	0	62	64	60	0	17	61	63	62
423	1698880802.2522137	15	11	0	63	64	19	18	0	15	10	64	60	15	64	64	10	0	63	25	0	64	32	64	0	0	17	64	14	19	0	64	64	64	0	64	64	16	16	0	0	64	18	64	0	13	62	64	23
424	1698880802.2871857	25	64	0	64	60	10	60	0	64	64	10	63	64	64	11	23	0	17	63	0	12	4	6	0	0	64	64	11	15	0	64	64	64	0	57	64	3	64	0	0	64	15	8	0	8	64	11	5
425	1698880802.3228369	17	25	0	12	63	29	64	0	15	64	27	12	13	64	64	24	0	63	64	0	20	64	16	0	0	19	64	17	64	0	17	29	38	0	64	44	18	64	0	0	64	64	33	0	58	30	62	12
426	1698880802.3636465	19	21	0	13	17	23	11	0	64	64	64	63	10	21	18	64	0	56	13	0	64	21	64	0	0	64	58	14	64	0	10	25	64	0	59	11	64	24	0	0	16	64	63	0	12	2	64	64
427	1698880802.398888	17	62	0	63	64	64	7	0	16	12	16	11	64	64	64	64	0	16	64	0	64	64	18	0	0	16	22	8	64	0	11	17	17	0	28	14	64	64	0	0	20	24	63	0	12	64	14	64
428	1698880802.434161	5	15	0	64	63	64	64	0	64	12	64	11	10	10	7	14	0	63	64	0	9	64	3	0	0	10	64	64	64	0	11	6	64	0	24	64	18	15	0	0	64	64	60	0	12	13	64	64
429	1698880802.4674501	10	64	0	12	8	57	64	0	63	18	17	64	13	64	16	64	0	61	64	0	14	12	64	0	0	64	9	64	20	0	23	64	64	0	37	9	64	20	0	0	63	23	59	0	16	35	25	20
430	1698880802.5050871	12	18	0	63	12	14	64	0	64	64	63	7	63	17	14	64	0	63	13	0	64	14	13	0	0	64	8	63	64	0	17	15	18	0	28	64	17	36	0	0	11	29	62	0	64	15	16	15
431	1698880802.5483403	38	64	0	12	21	15	20	0	63	20	16	64	13	25	18	18	0	19	64	0	17	64	64	0	0	18	64	33	22	0	40	64	64	0	29	33	21	64	0	0	23	39	19	0	64	64	38	41
432	1698880802.5873928	12	64	0	6	12	17	64	0	14	13	64	17	13	14	10	64	0	5	64	0	64	12	64	0	0	5	64	64	64	0	64	18	64	0	64	16	9	64	0	0	7	64	9	0	18	53	64	64
433	1698880802.6231818	64	21	0	63	17	64	16	0	11	13	63	62	64	15	64	64	0	62	64	0	64	19	9	0	0	61	18	9	64	0	3	62	14	0	64	64	64	7	0	0	64	14	15	0	64	10	64	64
434	1698880802.6588807	22	14	0	62	63	24	64	0	22	17	62	62	19	64	14	23	0	61	61	0	64	64	19	0	0	18	64	15	15	0	29	64	64	0	64	64	64	64	0	0	18	15	12	0	21	60	12	64
435	1698880802.693828	62	64	0	64	10	13	14	0	61	8	64	63	64	11	64	64	0	11	63	0	21	21	13	0	0	64	13	21	20	0	63	19	64	0	17	20	64	64	0	0	14	64	63	0	10	61	18	64
436	1698880802.727446	62	24	0	11	63	11	16	0	64	17	17	63	64	64	64	64	0	13	14	0	64	17	64	0	0	12	64	12	64	0	12	64	64	0	12	64	11	64	0	0	17	64	19	0	64	11	17	21
437	1698880802.7680666	61	20	0	11	25	64	64	0	12	64	19	28	63	64	64	64	0	22	64	0	14	17	64	0	0	18	64	64	64	0	25	64	64	0	36	19	16	20	0	0	12	22	17	0	21	15	14	64
438	1698880802.8101285	7	64	0	64	64	13	16	0	17	15	16	62	15	19	64	20	0	18	64	0	7	64	64	0	0	27	63	62	64	0	16	14	64	0	16	64	64	64	0	0	17	64	19	0	15	22	18	17
439	1698880802.8474152	16	64	0	6	10	64	5	0	62	64	64	64	11	59	64	19	0	62	63	0	13	64	17	0	0	64	64	64	12	0	63	64	64	0	13	9	15	61	0	0	64	64	10	0	63	12	63	19
440	1698880802.883713	61	19	0	64	17	13	13	0	64	17	25	33	18	64	64	26	0	61	64	0	64	16	7	0	0	64	41	19	64	0	64	63	64	0	64	13	64	16	0	0	64	14	11	0	8	16	62	64
441	1698880802.9208212	60	64	0	10	6	15	64	0	64	64	64	9	10	64	7	7	0	63	11	0	64	64	64	0	0	25	64	64	12	0	15	4	64	0	64	10	64	64	0	0	64	13	9	0	10	63	64	2
442	1698880802.9557292	41	17	0	10	61	64	9	0	61	20	17	25	64	64	23	17	0	59	64	0	10	22	11	0	0	19	64	64	9	0	64	64	64	0	14	64	64	64	0	0	13	64	14	0	61	62	64	6
443	1698880802.9909465	14	64	0	10	61	19	64	0	63	16	20	64	16	12	64	64	0	12	64	0	62	15	64	0	0	64	64	64	14	0	9	64	28	0	15	15	64	20	0	0	64	64	62	0	19	62	15	64
444	1698880803.0384464	63	19	0	39	21	16	64	0	16	15	12	63	61	17	10	13	0	64	20	0	64	64	9	0	0	20	14	40	64	0	64	64	30	0	42	64	12	42	0	0	64	64	62	0	17	12	41	13
445	1698880803.0839458	62	64	0	64	16	64	17	0	14	28	18	62	12	14	18	11	0	17	60	0	34	64	20	0	0	64	21	64	20	0	63	19	42	0	17	64	14	64	0	0	34	64	64	0	13	15	11	23
446	1698880803.1283925	63	64	0	15	10	64	64	0	22	64	64	13	63	64	64	64	0	15	64	0	64	21	9	0	0	14	64	63	17	0	64	13	64	0	63	11	13	64	0	0	63	64	13	0	64	20	61	64
447	1698880803.1693947	11	64	0	63	62	24	62	0	11	64	64	63	63	18	64	41	0	64	64	0	10	9	17	0	0	21	64	14	64	0	64	14	64	0	9	64	23	15	0	0	14	14	60	0	60	60	60	64
448	1698880803.2031982	17	13	0	62	60	64	13	0	64	17	64	63	13	64	14	17	0	64	64	0	17	64	6	0	0	64	64	20	19	0	18	57	35	0	64	43	18	34	0	0	63	27	60	0	18	34	63	44
449	1698880803.2369592	64	64	0	64	20	10	64	0	7	59	17	10	20	12	64	64	0	62	16	0	15	22	64	0	0	5	64	64	16	0	64	12	64	0	35	17	36	34	0	0	41	26	18	0	64	28	64	64
450	1698880803.2779012	18	64	0	33	63	29	25	0	64	19	19	10	15	33	21	23	0	63	64	0	64	19	19	0	0	64	64	64	64	0	64	15	22	0	64	24	63	38	0	0	64	17	11	0	64	63	63	64
451	1698880803.3119516	14	64	0	13	15	14	15	0	14	64	64	64	64	23	17	15	0	9	21	0	64	64	64	0	0	15	64	64	14	0	64	64	64	0	15	12	64	64	0	0	62	4	8	0	63	64	9	64
452	1698880803.348959	63	15	0	8	10	64	10	0	63	16	64	63	64	64	9	64	0	6	61	0	64	14	64	0	0	64	15	64	19	0	10	10	23	0	64	64	10	10	0	0	63	17	4	0	9	63	59	64
453	1698880803.3842864	16	32	0	12	64	12	20	0	22	21	11	21	25	14	15	64	0	14	64	0	8	64	64	0	0	64	64	11	64	0	64	20	64	0	64	64	64	40	0	0	64	64	55	0	64	18	41	13
454	1698880803.4327674	61	17	0	60	38	64	64	0	57	13	64	36	14	43	61	16	0	32	63	0	63	22	62	0	0	62	61	64	64	0	64	64	19	0	63	64	13	62	0	0	16	64	61	0	23	61	12	15
455	1698880803.470521	63	64	0	64	20	24	62	0	60	18	8	62	63	15	64	64	0	63	23	0	64	64	20	0	0	64	15	62	37	0	19	11	64	0	15	27	64	14	0	0	64	64	57	0	19	61	61	64
456	1698880803.506345	61	17	0	62	10	64	64	0	61	64	63	17	15	64	64	64	0	10	19	0	64	15	13	0	0	13	22	20	64	0	64	62	64	0	64	24	64	64	0	0	57	12	21	0	16	19	21	7
457	1698880803.5437214	60	64	0	64	63	15	64	0	14	19	63	61	6	64	19	19	0	21	12	0	61	23	64	0	0	64	64	64	14	0	64	12	24	0	37	13	13	18	0	0	64	64	63	0	64	15	63	12
458	1698880803.5793998	64	64	0	9	64	17	18	0	15	5	64	4	64	64	12	15	0	11	8	0	64	64	12	0	0	64	17	12	13	0	64	21	64	0	64	64	64	17	0	0	64	16	60	0	8	13	2	64
459	1698880803.6165082	61	64	0	64	9	64	5	0	62	5	63	63	8	10	64	64	0	17	16	0	14	64	62	0	0	64	63	18	64	0	64	64	43	0	64	64	13	15	0	0	64	15	11	0	64	11	17	16
460	1698880803.6541378	64	23	0	22	64	13	15	0	11	14	64	62	34	18	64	14	0	60	21	0	64	38	18	0	0	56	64	9	64	0	28	64	42	0	28	14	12	64	0	0	12	19	62	0	64	63	21	9
461	1698880803.6884232	19	64	0	64	60	15	64	0	62	14	14	64	64	64	26	25	0	59	21	0	13	20	62	0	0	64	62	61	26	0	22	64	64	0	63	64	17	64	0	0	16	18	17	0	13	60	64	62
462	1698880803.7246547	12	64	0	64	8	11	64	0	9	64	12	18	24	22	14	64	0	61	64	0	13	64	63	0	0	13	7	17	64	0	11	18	21	0	7	64	64	15	0	0	5	18	63	0	64	15	64	21
463	1698880803.7586772	61	64	0	17	11	23	61	0	12	64	60	18	64	15	64	15	0	60	64	0	13	15	9	0	0	64	64	23	64	0	64	64	14	0	23	64	36	10	0	0	12	64	18	0	13	12	64	64
464	1698880803.7918172	42	25	0	41	62	37	15	0	64	58	17	60	35	64	28	17	0	63	37	0	13	31	10	0	0	64	64	63	64	0	40	29	33	0	64	36	18	30	0	0	33	64	18	0	64	60	18	11
465	1698880803.8292964	20	17	0	64	62	34	64	0	64	16	64	21	15	16	15	13	0	27	16	0	64	17	62	0	0	14	16	40	64	0	18	14	64	0	33	64	6	36	0	0	64	64	12	0	16	61	64	22
466	1698880803.8630025	28	64	0	64	59	16	11	0	64	22	21	12	26	64	64	14	0	60	10	0	24	27	16	0	0	18	22	62	14	0	20	63	64	0	64	64	64	26	0	0	62	18	32	0	11	17	64	64
467	1698880803.897163	64	64	0	17	63	64	12	0	64	64	14	13	64	18	64	64	0	21	12	0	16	64	25	0	0	15	64	10	22	0	21	20	64	0	64	61	14	20	0	0	12	22	58	0	64	61	11	18
468	1698880803.930306	60	64	0	63	5	64	6	0	62	64	5	61	4	9	64	5	0	61	64	0	9	64	60	0	0	64	9	4	15	0	63	8	64	0	14	12	64	64	0	0	64	64	63	0	8	64	64	64
469	1698880803.963039	64	8	0	64	10	7	9	0	64	64	64	64	64	13	8	64	0	12	11	0	64	14	64	0	0	64	14	9	64	0	64	64	64	0	64	3	10	16	0	0	13	64	63	0	14	9	12	9
470	1698880803.9976277	64	64	0	14	9	64	10	0	63	64	64	12	13	64	64	64	0	60	8	0	61	64	9	0	0	64	10	13	14	0	11	17	64	0	64	7	11	23	0	0	19	64	63	0	61	64	64	18
471	1698880804.0314662	63	64	0	15	60	12	64	0	64	16	19	19	24	14	64	15	0	13	18	0	12	13	62	0	0	60	14	26	19	0	64	31	38	0	64	15	64	64	0	0	25	64	21	0	15	12	18	60
472	1698880804.0726182	63	64	0	64	62	11	12	0	12	13	10	64	64	64	17	17	0	8	64	0	8	64	64	0	0	17	11	22	5	0	64	12	64	0	35	64	17	64	0	0	12	27	63	0	10	12	64	13
473	1698880804.1096897	64	64	0	7	64	64	61	0	62	64	61	1	64	11	7	7	0	61	6	0	64	64	16	0	0	64	64	11	15	0	22	17	30	0	64	9	64	64	0	0	64	64	17	0	7	64	16	8
474	1698880804.1517773	5	11	0	19	15	64	11	0	18	18	9	11	64	17	64	64	0	13	22	0	12	64	2	0	0	64	64	9	19	0	24	64	22	0	15	64	16	64	0	0	19	64	11	0	4	2	8	64
475	1698880804.1874707	2	8	0	63	10	64	7	0	64	64	64	8	9	19	63	12	0	64	4	0	64	64	64	0	0	14	60	64	64	0	64	2	64	0	12	18	64	64	0	0	64	17	10	0	64	15	64	64
476	1698880804.225655	60	18	0	10	62	17	64	0	63	64	15	9	63	64	63	17	0	61	61	0	9	64	62	0	0	0	13	64	15	0	13	19	64	0	64	63	64	61	0	0	63	64	13	0	61	14	23	64
477	1698880804.266862	62	10	0	9	61	64	9	0	64	13	9	64	64	64	10	64	0	14	13	0	10	15	10	0	0	13	64	64	12	0	17	9	20	0	64	9	64	7	0	0	64	20	62	0	10	7	64	11
478	1698880804.3025954	23	12	0	14	16	13	64	0	17	64	64	64	18	17	64	14	0	62	16	0	17	15	13	0	0	64	63	64	64	0	30	14	64	0	64	9	12	64	0	0	64	64	62	0	64	59	59	16
479	1698880804.3439076	8	13	0	64	62	20	10	0	13	64	64	64	5	15	14	11	0	9	64	0	61	64	64	0	0	63	64	10	10	0	17	64	64	0	64	64	64	12	0	0	7	64	9	0	12	64	17	9
480	1698880804.3802767	64	13	0	25	12	24	4	0	61	64	64	63	64	14	17	64	0	60	64	0	15	19	15	0	0	63	17	64	21	0	19	21	64	0	64	11	64	24	0	0	19	64	61	0	17	13	21	62
481	1698880804.4164717	22	64	0	60	61	14	63	0	64	14	62	59	63	16	64	64	0	11	14	0	9	64	12	0	0	18	21	16	64	0	14	17	64	0	42	64	21	17	0	0	64	19	15	0	64	12	61	20
482	1698880804.4517293	61	12	0	20	10	64	10	0	64	18	14	64	64	12	14	64	0	62	20	0	9	64	64	0	0	15	18	9	64	0	20	64	64	0	12	4	64	64	0	0	7	64	59	0	16	15	11	62
483	1698880804.494096	13	4	0	64	5	64	64	0	9	64	64	63	60	11	64	14	0	10	17	0	13	64	27	0	0	64	64	10	64	0	64	8	64	0	8	4	64	14	0	0	7	7	5	0	64	15	64	64
484	1698880804.5364635	15	11	0	21	9	64	16	0	35	23	64	16	18	20	20	12	0	10	64	0	5	64	64	0	0	7	64	64	21	0	22	64	39	0	31	64	16	64	0	0	13	12	11	0	64	64	19	13
485	1698880804.5790272	64	64	0	63	14	63	64	0	18	17	8	62	21	64	13	64	0	12	13	0	64	64	64	0	0	19	60	24	64	0	28	64	64	0	64	18	64	63	0	0	37	43	13	0	20	63	61	40
486	1698880804.6171806	63	15	0	10	64	17	16	0	64	8	17	64	63	17	64	64	0	19	64	0	64	13	15	0	0	17	17	64	20	0	20	17	22	0	64	9	12	35	0	0	64	64	13	0	16	13	64	64
487	1698880804.6509871	63	15	0	17	63	63	59	0	64	10	64	64	19	13	62	64	0	59	64	0	17	18	64	0	0	6	64	17	64	0	59	64	64	0	39	64	64	20	0	0	64	12	62	0	62	58	14	19
488	1698880804.6892576	63	4	0	64	13	20	10	0	9	64	64	12	15	64	64	16	0	9	64	0	11	19	64	0	0	64	11	6	64	0	40	64	26	0	64	64	46	20	0	0	12	6	15	0	16	9	10	7
489	1698880804.7249322	14	13	0	61	13	19	9	0	64	64	13	13	63	63	64	17	0	59	64	0	64	64	62	0	0	64	10	17	64	0	64	11	64	0	17	14	22	64	0	0	64	64	61	0	63	61	16	64
490	1698880804.7578163	64	11	0	12	62	14	64	0	64	7	64	15	10	11	64	64	0	10	3	0	11	64	7	0	0	22	5	20	8	0	7	9	26	0	64	14	13	64	0	0	11	62	63	0	8	62	63	18
491	1698880804.7948537	62	12	0	64	60	64	10	0	17	63	64	61	64	19	64	13	0	60	64	0	11	16	61	0	0	21	18	13	16	0	23	10	40	0	35	19	11	64	0	0	64	25	63	0	64	63	35	64
492	1698880804.831185	23	20	0	61	61	64	12	0	63	20	12	64	63	64	25	13	0	63	64	0	64	12	64	0	0	19	19	64	25	0	11	64	23	0	64	13	16	21	0	0	64	57	15	0	64	63	19	64
493	1698880804.865858	11	64	0	60	60	64	31	0	63	13	64	14	11	17	13	21	0	27	63	0	24	40	64	0	0	64	62	38	64	0	36	15	40	0	33	16	64	64	0	0	12	23	11	0	64	62	41	42
494	1698880804.9001026	13	64	0	64	1	64	64	0	15	64	64	12	12	64	64	64	0	9	4	0	9	64	5	0	0	64	61	59	2	0	17	64	64	0	64	12	64	64	0	0	63	12	63	0	16	63	8	64
495	1698880804.9345193	18	64	0	63	63	19	10	0	60	64	9	14	17	64	64	15	0	62	64	0	9	14	14	0	0	29	62	64	64	0	64	16	32	0	18	22	64	64	0	0	63	64	13	0	62	6	59	16
496	1698880804.968572	63	8	0	17	2	63	15	0	63	64	12	12	12	16	17	17	0	62	13	0	35	64	63	0	0	15	15	39	19	0	20	43	64	0	64	33	42	22	0	0	13	64	64	0	14	17	34	64
497	1698880805.0034482	13	12	0	15	62	64	62	0	11	9	15	60	64	12	15	64	0	62	11	0	14	64	64	0	0	64	15	22	17	0	64	64	64	0	33	64	64	19	0	0	60	63	7	0	16	61	64	62
498	1698880805.0386355	63	14	0	64	5	17	63	0	9	64	64	64	64	24	12	11	0	60	6	0	64	14	64	0	0	16	5	64	8	0	64	7	64	0	27	14	16	15	0	0	13	18	62	0	64	17	64	8
499	1698880805.0798664	60	33	0	60	11	61	33	0	20	21	58	59	38	20	18	64	0	59	27	0	64	64	25	0	0	64	63	62	34	0	21	21	30	0	41	64	64	62	0	0	41	64	18	0	12	63	61	63
500	1698880805.1191394	63	10	0	63	62	7	11	0	63	64	63	60	64	64	64	64	0	10	15	0	64	64	15	0	0	27	64	64	37	0	9	20	23	0	32	17	26	64	0	0	64	26	10	0	24	22	64	19
501	1698880805.1592362	60	61	0	17	13	64	64	0	18	64	64	9	62	64	64	17	0	61	17	0	64	15	63	0	0	20	17	64	64	0	64	64	64	0	15	16	64	12	0	0	16	14	61	0	17	62	64	18
502	1698880805.199436	17	26	0	15	19	64	64	0	64	11	15	41	12	20	64	25	0	19	17	0	21	21	63	0	0	19	62	64	64	0	64	15	30	0	64	64	64	64	0	0	14	13	12	0	64	13	9	64
503	1698880805.240324	62	64	0	62	62	9	6	0	64	60	64	5	15	12	64	12	0	59	5	0	64	64	64	0	0	64	18	9	7	0	64	12	64	0	6	64	64	64	0	0	64	60	18	0	12	10	64	64
504	1698880805.280742	62	16	0	15	63	17	64	0	5	14	64	63	6	15	3	6	0	7	12	0	64	64	64	0	0	6	20	64	8	0	14	15	64	0	64	64	12	64	0	0	18	11	62	0	64	8	14	22
505	1698880805.315712	62	64	0	18	61	21	17	0	20	64	15	17	12	64	20	64	0	63	11	0	13	12	64	0	0	64	11	21	39	0	15	15	64	0	64	64	17	14	0	0	39	64	22	0	58	60	64	5
506	1698880805.3567846	62	64	0	6	64	64	63	0	15	19	64	63	64	64	40	8	0	16	14	0	19	64	63	0	0	63	21	63	64	0	17	64	31	0	41	12	14	14	0	0	64	64	61	0	63	13	13	63
507	1698880805.3986902	60	64	0	15	13	11	63	0	62	6	61	23	62	64	64	17	0	59	58	0	20	64	62	0	0	26	15	17	13	0	64	19	40	0	64	64	18	64	0	0	27	19	62	0	42	60	63	35
508	1698880805.4402037	64	64	0	15	63	14	15	0	64	18	17	59	64	24	9	63	0	64	62	0	18	26	16	0	0	10	15	19	18	0	64	12	21	0	64	5	18	22	0	0	64	17	13	0	64	62	64	15
509	1698880805.476099	9	4	0	61	64	64	61	0	62	20	62	64	64	64	64	64	0	59	64	0	16	64	20	0	0	4	58	63	64	0	64	20	64	0	20	59	64	16	0	0	64	15	57	0	17	62	61	21
510	1698880805.5126717	63	13	0	64	64	10	8	0	14	64	11	62	11	64	18	12	0	64	64	0	18	12	64	0	0	64	6	8	64	0	64	64	64	0	64	64	4	6	0	0	14	15	63	0	10	15	15	64
511	1698880805.5542543	61	7	0	61	7	64	64	0	13	64	18	63	63	64	64	21	0	61	10	0	64	15	22	0	0	61	15	12	23	0	10	12	64	0	37	19	19	17	0	0	16	64	64	0	64	62	64	25
