18000	1682258399.303447	0	1	2	3	4	5	6	7	0	1	2	3	4	5	6	7	0	1	2	3	4	5	6	7	0	1	2	3	4	5	6	7	0	1	2	3	4	5	6	7	0	1	2	3	4	5	6	7
18001	1682258399.8039105	1	2	3	4	5	6	7	0	1	2	3	4	5	6	7	0	1	2	3	4	5	6	7	0	1	2	3	4	5	6	7	0	1	2	3	4	5	6	7	0	1	2	3	4	5	6	7	0
18002	1682258400.8505752	2	4	4	5	6	7	0	1	2	3	4	5	6	7	0	1	2	3	4	5	6	7	0	1	2	3	4	5	6	7	0	1	2	3	4	5	6	7	0	1	2	3	4	5	6	7	0	1
18003	1682258402.2513583	3	4	5	6	7	0	1	2	3	4	5	6	7	0	1	2	3	4	5	6	7	0	2	2	3	4	5	6	7	0	1	2	3	4	5	6	7	0	1	2	3	4	6	6	7	0	1	2
18004	1682258413.7789888	4	5	6	7	0	1	2	3	4	5	6	7	0	1	2	3	4	5	6	7	0	1	2	3	4	5	6	7	0	1	2	3	4	5	6	7	0	1	2	3	4	5	6	7	0	1	2	3
18005	1682258414.2885282	5	6	7	0	1	2	3	4	5	6	7	0	1	2	3	4	5	6	7	0	1	2	3	4	5	6	7	0	1	2	3	4	5	6	7	0	1	2	3	4	5	6	7	0	1	2	3	4
18006	1682258416.5201104	6	7	0	1	2	3	4	5	6	7	0	1	2	4	4	5	6	7	0	1	2	4	4	5	6	7	0	1	2	3	4	5	6	7	0	1	2	3	4	5	6	7	0	1	2	3	4	5
18007	1682258417.0012681	7	0	1	2	3	4	5	6	7	0	1	2	3	4	5	6	7	0	1	2	3	4	5	6	7	0	1	2	3	4	5	6	7	0	1	2	3	4	5	6	7	0	1	2	3	4	5	6
18008	1682258417.8368516	0	1	2	3	4	5	6	7	0	1	2	3	4	5	6	7	0	1	2	3	4	5	6	7	0	1	2	3	4	5	6	7	0	1	2	3	4	5	6	7	0	1	2	3	4	5	6	7
18009	1682258418.8629327	1	2	3	4	5	6	7	0	1	2	3	4	5	6	7	0	1	2	3	4	5	6	7	0	1	2	3	4	5	6	7	0	1	2	3	4	5	6	7	0	1	2	3	4	5	6	7	0
18010	1682258420.3900263	2	3	4	5	6	7	0	1	2	3	4	5	6	7	0	1	2	3	4	5	6	7	0	1	2	3	4	5	6	7	0	1	2	3	4	5	6	7	0	2	2	3	4	5	6	7	0	1
18011	1682258424.4241784	3	4	5	6	7	0	1	2	3	4	5	6	7	0	1	2	3	4	5	6	7	0	1	2	3	4	5	6	7	0	1	2	3	4	5	6	7	0	1	2	3	4	5	6	7	0	1	2
18012	1682258427.6698856	4	5	6	7	0	1	2	3	4	5	6	7	0	1	2	3	4	5	6	7	0	1	2	3	4	5	6	7	0	1	2	3	4	5	6	7	0	1	2	3	4	5	6	7	0	1	2	3
18013	1682258432.5118134	5	6	7	0	1	2	3	4	5	6	7	0	1	2	3	4	5	6	7	0	1	2	3	4	5	6	7	0	1	2	3	4	5	6	7	0	1	2	3	4	5	5	7	0	1	2	3	4
18014	1682258433.497135	6	7	0	1	2	3	4	5	6	7	0	1	2	3	4	5	6	7	0	1	2	3	4	5	6	7	0	1	2	3	4	5	6	7	0	1	2	3	4	5	6	7	0	0	2	3	4	5
18015	1682258433.9064457	7	0	1	2	3	4	5	6	7	0	1	2	3	4	5	6	7	0	1	2	3	4	5	6	7	0	1	2	3	4	5	6	7	0	1	2	3	4	5	6	7	0	1	2	3	4	5	6
18016	1682258434.8073745	0	1	2	3	4	5	6	7	0	1	2	3	4	5	6	7	0	1	2	3	4	5	6	7	0	1	2	3	4	5	6	7	0	1	2	3	4	5	6	7	0	1	2	3	4	5	6	7
18017	1682258435.662265	1	2	3	4	5	6	7	0	1	2	3	4	5	6	7	0	1	2	4	4	5	6	7	0	1	2	3	4	5	6	7	0	1	2	3	4	5	6	7	0	1	2	3	4	5	6	7	0
18018	1682258439.9080644	2	3	4	5	6	7	0	1	3	3	4	5	6	7	0	1	2	3	4	5	6	7	0	1	2	3	4	5	6	7	0	1	2	3	4	5	6	7	0	1	2	3	4	5	6	7	0	1
18019	1682258464.431737	3	4	5	6	7	0	1	2	3	4	5	6	7	0	1	2	3	4	5	6	7	0	1	2	3	4	5	6	7	0	1	2	3	4	5	6	7	0	1	2	3	4	5	6	7	0	1	2
18020	1682258464.9966416	4	5	6	7	0	1	2	3	4	5	6	7	0	1	2	3	4	5	6	7	0	1	2	3	4	5	6	7	0	2	2	3	4	5	6	7	0	1	2	3	4	5	6	7	0	1	2	3
18021	1682258466.4973671	5	6	7	0	1	2	3	4	5	6	7	0	1	2	3	4	5	6	7	0	1	2	3	4	5	6	7	0	0	2	3	4	5	6	7	0	0	2	3	4	5	6	7	0	1	2	3	4
18022	1682258467.2566874	6	7	0	1	2	3	4	5	6	7	0	1	2	3	4	5	6	7	0	1	2	3	4	5	6	7	0	1	2	3	4	5	6	7	0	1	2	3	4	5	6	7	0	1	2	3	4	5
18023	1682258480.295791	7	0	1	2	3	4	5	6	7	0	1	2	3	4	5	6	7	0	1	2	3	4	5	6	7	0	1	2	3	4	5	6	7	1	1	2	3	4	5	6	7	0	1	2	3	4	5	6
18024	1682258481.207391	0	1	2	3	4	5	6	7	0	1	2	3	4	5	6	7	0	1	2	3	4	5	6	7	0	1	2	3	4	5	6	7	0	1	2	3	4	5	6	7	0	1	2	3	4	5	6	7
18025	1682258482.0969555	1	2	3	4	5	6	7	0	1	2	3	4	5	6	7	0	1	2	3	4	5	6	7	0	1	2	3	4	5	6	7	0	1	2	3	4	5	6	7	0	1	2	3	4	5	6	7	0
18026	1682258488.9647925	2	3	4	5	6	7	0	1	2	3	4	5	6	7	0	1	2	3	4	5	6	7	0	1	2	3	4	5	6	7	0	1	2	3	4	5	6	7	0	1	2	3	4	5	6	7	0	1
18027	1682258493.319972	3	4	5	6	7	0	1	2	3	4	5	6	7	0	1	2	3	4	5	6	7	0	1	2	3	4	5	6	7	0	1	2	3	4	5	6	7	0	1	2	3	4	5	6	7	0	2	2
18028	1682258494.4421642	4	5	6	7	0	1	2	3	4	5	6	7	0	1	2	3	4	5	6	7	0	1	2	3	4	5	6	7	0	1	2	3	4	5	6	7	0	1	2	3	4	5	6	7	0	1	2	3
18029	1682258495.3404737	5	6	7	0	1	2	3	4	5	6	7	0	1	2	3	4	5	6	7	0	1	2	3	4	5	6	7	0	1	2	3	4	5	6	7	0	1	2	3	4	5	6	7	0	1	2	4	4
18030	1682258503.3562517	6	7	0	1	2	3	4	5	6	7	0	1	2	3	4	5	6	7	0	1	2	3	4	5	6	7	0	1	2	4	4	5	6	7	0	1	2	3	4	5	6	7	0	1	2	3	4	5
18031	1682258504.5671074	7	0	0	2	3	4	5	6	7	0	1	2	3	4	5	6	7	0	1	2	3	4	5	6	7	0	1	2	3	4	5	6	7	0	1	2	3	4	5	6	7	0	1	2	3	4	5	6
18032	1682258509.416489	0	1	2	3	4	5	6	7	0	1	2	3	4	5	6	7	0	1	2	3	4	5	6	7	0	1	2	3	4	5	6	7	0	1	2	3	4	5	6	7	0	1	2	3	4	5	6	7
18033	1682258513.0173044	1	2	3	4	5	6	7	0	1	2	3	4	5	6	7	0	1	2	3	4	5	6	7	0	1	2	2	4	5	6	7	0	1	2	3	4	5	6	7	0	1	2	3	4	5	6	7	0
18034	1682258523.0610776	2	3	4	5	6	7	0	1	2	3	4	5	6	7	0	1	2	3	4	5	6	7	0	1	2	3	4	5	6	7	0	1	2	3	4	5	6	7	0	1	2	3	4	5	6	7	0	1
18035	1682258524.777854	3	4	5	6	7	0	1	2	3	4	5	6	7	0	1	2	3	4	5	6	7	0	1	2	3	4	5	6	7	0	1	2	3	4	5	6	7	0	1	2	3	4	5	6	7	0	1	2
18036	1682258525.8111231	4	5	6	7	0	1	2	3	4	5	6	7	0	1	2	3	4	5	6	7	0	1	2	3	4	5	6	7	0	1	2	3	4	5	6	7	0	1	2	3	4	5	6	7	0	1	2	3
18037	1682258526.6682818	5	6	7	0	1	2	3	4	5	6	7	0	1	2	3	4	5	6	7	0	1	2	3	4	5	6	7	0	1	2	3	4	5	6	7	0	1	2	3	4	5	6	7	0	1	2	3	4
18038	1682258527.3293908	6	7	0	1	2	3	4	5	6	7	0	1	2	3	4	5	6	7	0	1	2	3	4	5	6	7	0	1	2	3	4	5	6	7	0	1	2	3	4	5	6	7	0	1	2	3	4	5
18039	1682258528.747258	7	0	1	2	3	4	5	6	7	0	1	2	3	4	5	6	7	0	1	2	3	4	5	6	7	0	1	2	3	4	5	6	7	0	1	2	3	4	5	6	7	0	1	2	3	4	5	6
18040	1682258529.2706983	0	1	2	3	4	5	6	7	0	1	2	3	4	5	6	7	0	1	2	3	4	5	6	7	0	1	2	3	4	5	6	7	0	1	2	3	4	5	6	7	0	0	2	3	4	5	6	7
18041	1682258534.6154432	1	2	3	4	5	6	7	0	1	2	3	4	5	6	7	0	1	2	3	4	5	6	7	0	1	2	3	4	5	6	7	0	1	2	3	4	5	6	7	0	1	2	3	4	5	6	7	0
18042	1682258536.4691453	2	3	4	5	6	7	0	1	2	3	4	5	6	7	0	1	2	3	4	5	6	7	0	1	2	3	4	5	6	7	0	1	2	3	4	5	6	7	0	1	2	3	4	5	6	7	0	1
18043	1682258538.775109	3	4	5	6	7	0	1	2	3	4	5	6	7	0	1	2	3	4	5	6	7	0	1	2	3	4	5	6	7	0	1	2	3	4	5	6	7	0	1	2	3	4	5	6	7	0	1	2
18044	1682258545.156686	4	5	6	7	0	1	2	3	4	5	6	7	0	1	2	3	4	5	6	7	0	1	2	3	4	5	6	7	0	1	2	3	4	5	6	7	0	1	2	3	4	5	6	7	0	1	2	3
18045	1682258546.0007312	5	6	7	0	1	2	3	4	5	6	7	0	1	2	3	4	5	6	7	0	1	2	3	4	5	6	7	0	1	2	3	4	5	6	7	0	1	2	3	4	5	6	7	0	1	2	3	4
18046	1682258550.5241225	6	7	0	1	2	3	4	5	6	7	0	1	2	3	4	5	6	7	0	1	2	3	4	5	6	7	0	1	2	3	4	5	6	7	0	1	2	3	4	5	6	7	0	1	2	3	4	5
18047	1682258552.0794048	7	0	1	2	3	4	5	6	7	0	1	2	3	4	5	6	7	0	1	2	3	4	5	6	7	0	1	2	2	4	5	6	7	0	2	2	3	4	5	6	7	0	1	2	3	4	5	6
18000	1682259076.1412747	0	1	2	3	4	5	6	7	0	1	2	3	4	5	6	7	0	1	2	2	4	5	6	6	0	1	2	3	4	5	6	7	0	1	2	3	3	5	6	7	0	1	2	3	4	5	6	7
18001	1682259076.1425784	1	2	3	4	5	6	7	0	1	2	3	4	5	6	6	0	1	2	3	4	5	6	7	0	1	2	3	4	5	6	7	0	1	2	3	4	5	6	7	0	0	2	3	4	5	6	7	0
18002	1682259076.1434474	2	3	4	5	6	7	0	1	2	3	4	5	6	7	0	1	2	3	4	5	6	7	0	1	2	2	4	5	6	7	0	1	2	2	4	5	6	7	0	1	1	3	4	5	6	7	0	1
18003	1682259076.1443763	3	4	5	6	7	0	1	2	3	4	5	6	7	0	1	2	3	4	5	6	7	0	1	2	3	4	5	6	7	0	1	1	3	4	5	6	7	0	1	2	3	4	5	6	7	0	1	2
18004	1682259076.1452594	4	5	6	7	0	1	2	3	4	4	6	7	0	1	2	3	4	5	6	7	0	1	1	3	4	5	6	7	0	1	2	2	4	5	6	7	0	0	2	3	4	4	6	7	0	1	2	3
18005	1682259076.1462889	5	6	7	0	1	2	3	4	5	6	7	0	1	2	3	4	5	6	7	0	1	2	3	4	5	6	7	1	1	2	2	4	5	6	7	0	1	2	3	4	4	6	7	0	1	2	3	4
18006	1682259076.147259	6	7	0	1	2	3	4	5	6	7	0	1	2	3	4	5	6	7	0	1	2	3	4	5	5	7	0	1	2	3	4	5	6	7	0	1	2	2	4	5	6	7	0	1	2	3	4	5
18007	1682259076.1483288	7	0	1	2	3	4	5	6	7	0	1	2	3	4	5	6	7	0	1	2	3	4	5	6	7	0	1	2	3	4	5	5	7	0	1	2	3	4	5	6	7	0	1	2	3	4	5	6
18008	1682259076.1492674	0	1	2	3	4	5	6	7	0	1	2	3	4	5	6	7	0	0	2	3	4	5	6	7	0	1	2	3	4	5	6	7	0	1	2	3	4	5	6	7	0	1	2	3	4	5	6	7
18009	1682259076.1502383	1	2	3	4	5	6	7	0	1	2	3	4	5	6	7	0	1	2	3	4	5	6	7	0	1	2	3	4	5	6	7	0	1	2	3	4	5	6	7	0	1	2	3	4	5	6	7	0
18010	1682259076.1513374	2	3	4	5	6	7	0	1	2	3	4	5	6	7	0	1	2	4	4	5	6	7	0	1	2	2	4	5	6	7	0	1	2	3	4	5	6	7	0	2	2	3	4	5	6	7	0	1
18011	1682259076.1523876	3	4	5	6	7	0	1	2	3	4	4	6	7	0	1	2	3	4	5	6	7	0	1	2	3	4	4	6	7	0	1	2	3	4	5	6	7	0	1	2	3	4	5	6	6	0	1	2
18012	1682259076.1533356	4	5	6	7	0	1	2	3	4	5	6	7	0	1	2	3	4	5	6	6	0	1	2	3	4	5	5	7	0	1	2	2	4	5	6	7	0	1	2	3	4	5	6	7	1	1	2	3
18013	1682259076.1542842	5	6	7	0	1	2	3	4	5	6	7	1	1	2	3	4	5	6	7	0	0	2	2	4	5	6	6	0	1	2	3	4	5	6	7	0	1	2	3	4	5	6	7	0	1	2	3	4
18014	1682259076.15525	6	7	0	1	2	3	4	5	6	7	0	1	2	3	4	5	6	7	0	1	2	3	4	5	5	7	0	1	2	3	3	5	6	7	0	1	2	3	4	5	6	7	0	0	2	3	4	5
18015	1682259076.1562037	7	1	1	2	3	4	5	6	7	0	1	2	3	4	5	6	7	0	1	2	3	4	5	6	7	0	0	2	3	4	4	6	7	0	1	2	3	4	5	6	7	0	1	2	3	3	5	6
18016	1682259076.1573758	0	0	2	3	4	5	6	7	0	1	2	3	4	5	6	7	1	1	2	4	4	5	6	7	0	1	2	3	4	5	6	7	0	1	2	3	4	5	6	7	0	1	2	2	4	5	6	7
18017	1682259076.1583977	1	2	3	4	5	6	7	0	1	2	3	4	5	6	7	0	1	2	3	4	4	6	7	0	1	2	2	4	5	6	7	0	1	2	3	4	5	6	7	0	1	2	3	4	4	6	7	0
18018	1682259076.1595814	2	3	4	5	6	7	0	1	3	3	4	5	6	7	0	1	2	3	4	5	6	7	0	2	2	3	3	5	6	7	0	1	2	2	4	5	6	7	0	1	2	3	4	5	6	7	0	1
18019	1682259076.160493	3	3	4	6	7	0	1	2	3	3	5	6	7	0	1	2	2	4	5	6	7	0	1	2	3	4	5	6	7	0	1	2	3	4	5	6	7	0	1	2	3	4	5	6	6	0	1	2
18020	1682259076.1615365	4	4	6	7	0	1	2	2	4	5	6	6	0	1	2	3	4	5	6	7	0	1	2	3	4	5	6	7	0	1	2	3	3	5	6	7	0	1	2	3	4	5	6	7	0	1	2	3
18021	1682259076.1625805	4	6	7	0	1	2	3	4	5	6	7	0	1	2	3	4	5	6	7	0	1	2	3	4	5	6	7	0	0	2	3	4	5	6	7	0	0	2	3	4	5	6	7	0	1	2	3	4
18022	1682259076.1636896	6	7	0	1	2	3	4	5	6	7	0	0	2	3	4	5	6	7	0	1	2	3	4	5	6	7	0	1	2	3	4	5	6	7	0	1	2	3	4	5	6	7	0	1	2	3	4	4
18023	1682259076.1651597	7	0	1	2	2	4	5	6	7	0	1	2	3	4	5	6	7	0	1	2	3	4	5	6	7	0	1	2	3	4	4	6	7	0	1	2	3	4	5	5	7	0	1	2	3	4	5	6
18024	1682259076.1666458	0	0	2	3	4	5	6	7	0	1	2	3	4	5	6	7	0	1	2	3	4	5	6	7	0	0	2	3	4	5	6	7	0	2	2	3	4	5	6	7	0	1	2	3	4	5	6	7
18025	1682259076.1676986	1	2	3	4	5	6	7	0	1	2	3	4	5	6	7	0	0	2	3	4	5	6	7	0	1	2	2	4	5	6	7	0	1	2	3	4	5	6	7	0	1	2	3	4	5	6	7	0
18026	1682259076.1687539	2	3	4	5	6	7	0	1	2	3	4	5	6	7	0	0	2	3	4	5	6	7	0	1	2	3	4	5	6	7	0	0	2	3	4	5	6	7	0	1	2	3	4	5	6	7	0	1
18027	1682259076.16975	3	4	5	6	7	0	1	2	4	4	5	6	7	0	1	2	3	4	5	6	7	0	1	2	3	4	5	6	6	0	1	2	3	4	5	5	7	0	1	2	2	4	5	6	7	0	1	2
18028	1682259076.1707907	4	5	6	7	0	1	2	3	4	5	6	7	0	1	2	3	4	5	6	7	0	1	2	3	4	5	6	7	0	1	2	3	4	5	6	7	0	1	2	2	4	5	6	7	0	1	2	3
18029	1682259076.1718066	5	6	7	0	1	2	3	4	5	6	7	0	1	2	2	4	5	6	7	0	1	2	3	4	5	6	7	0	1	2	3	4	5	6	7	0	1	2	3	4	5	6	7	0	1	2	3	4
18030	1682259076.1728694	6	7	0	1	2	3	4	5	6	7	0	1	2	3	4	5	6	7	0	1	2	3	4	5	6	7	0	1	2	3	4	4	6	7	0	1	2	3	4	5	6	7	0	1	2	3	4	5
18031	1682259076.1739843	7	0	1	2	3	4	5	6	7	0	1	2	3	4	5	6	7	0	1	2	3	4	5	6	7	0	1	2	2	3	5	6	7	0	1	2	3	4	5	6	7	0	1	1	3	4	5	6
18032	1682259076.1752508	0	1	2	3	4	5	6	7	0	1	2	3	4	5	6	7	0	0	2	3	4	5	6	7	0	1	2	3	4	5	6	7	0	1	2	3	4	5	6	7	0	1	2	3	4	5	6	7
18033	1682259076.1762624	1	2	3	4	5	6	7	0	1	2	2	3	5	6	7	0	1	2	3	4	5	6	7	0	1	2	2	4	5	6	7	0	1	2	3	4	5	6	7	0	1	2	3	4	5	6	7	0
18034	1682259076.1772928	2	3	4	5	6	7	0	1	1	2	4	5	6	7	0	1	2	3	4	5	6	7	0	2	2	3	4	5	6	7	0	0	2	2	4	5	6	7	0	1	2	3	4	5	6	7	0	1
18035	1682259076.178333	2	4	5	6	7	0	1	2	3	4	5	6	7	0	1	2	3	4	5	6	7	0	1	2	3	4	5	6	7	0	1	2	3	4	5	6	7	0	1	2	3	4	5	6	7	0	0	2
18036	1682259076.1793833	4	5	6	7	0	1	2	3	4	5	6	7	0	1	2	3	4	5	6	7	0	1	2	3	4	4	6	7	0	1	2	2	3	5	6	6	0	1	2	3	4	5	6	7	0	1	1	3
18037	1682259076.1807148	5	6	7	0	1	2	3	3	5	6	7	0	1	2	2	4	5	6	7	0	1	2	3	4	5	6	7	0	1	2	3	4	5	6	7	0	1	2	3	4	5	6	7	0	1	2	3	4
18038	1682259076.1818016	6	7	0	1	2	2	4	5	6	7	0	1	2	2	4	5	6	7	0	1	2	3	4	4	6	7	0	1	2	2	4	5	6	7	0	1	2	3	4	5	6	7	0	1	2	3	4	5
18039	1682259076.1829262	6	0	1	1	3	4	5	6	7	0	1	2	3	3	5	6	7	0	1	2	3	4	5	6	7	0	1	2	3	4	5	5	7	0	1	2	3	4	5	6	7	0	1	2	3	4	4	6
18040	1682259076.1840115	0	1	2	2	4	5	6	7	0	1	2	3	4	5	6	7	0	1	2	3	4	5	6	7	0	1	2	3	4	5	6	7	0	1	2	3	4	5	6	7	0	0	2	3	4	5	6	6
18041	1682259076.185079	1	2	3	4	5	6	7	0	1	2	3	4	5	6	7	0	1	2	3	4	5	6	7	0	1	2	3	4	5	6	7	0	1	2	3	4	5	6	7	0	1	2	3	4	5	6	7	0
18042	1682259076.1861696	2	3	4	5	6	7	0	1	2	3	4	5	6	7	0	1	2	3	4	5	6	7	0	1	2	3	4	5	6	7	0	1	2	3	4	5	6	7	0	1	2	3	4	5	6	7	0	2
18043	1682259076.1871974	2	4	5	6	7	0	1	2	3	4	5	6	7	0	1	2	3	4	4	6	6	0	1	2	3	4	5	5	6	0	1	2	3	4	5	6	7	0	1	2	3	4	5	6	7	0	1	2
18044	1682259076.1882224	4	5	6	7	0	1	2	3	4	5	6	7	0	0	2	3	4	5	6	7	0	1	2	3	4	5	6	7	0	1	2	3	4	5	5	7	0	1	2	3	4	5	6	7	0	1	2	3
18045	1682259076.189354	5	6	7	0	1	2	3	4	5	6	7	0	1	2	3	3	5	6	7	0	1	2	3	4	5	6	7	0	1	2	3	4	5	6	7	0	1	2	3	4	5	6	7	0	1	2	3	4
18046	1682259076.1905131	6	7	0	1	2	3	4	5	6	7	0	1	2	3	4	5	6	7	0	1	2	3	4	5	6	7	0	1	2	3	4	5	6	7	0	1	2	3	4	5	6	7	0	1	2	3	4	5
18047	1682259076.1916966	7	0	1	2	3	4	5	6	7	0	1	2	3	4	5	5	7	0	1	2	3	4	5	6	7	0	1	2	2	4	4	6	7	0	2	2	3	4	5	6	7	0	1	2	3	4	5	6
18000	1682259089.7644992	0	1	2	3	4	5	6	7	0	1	2	3	4	5	6	7	0	1	2	3	4	5	6	7	0	1	2	3	4	5	5	7	0	1	2	4	3	5	6	7	0	1	2	3	4	5	6	7
18001	1682259089.76572	1	2	3	4	4	6	7	0	1	2	3	4	5	6	7	0	1	2	3	4	4	6	7	0	1	2	3	4	5	6	7	0	1	2	3	4	5	6	7	0	0	2	3	4	5	6	7	0
18002	1682259089.7678993	2	3	4	5	6	7	0	1	2	3	4	5	6	7	0	1	2	3	4	5	6	7	0	1	2	2	4	5	6	7	0	1	2	2	4	5	6	7	0	1	1	3	4	5	6	7	0	1
18003	1682259089.7691216	3	5	5	6	7	0	1	2	2	4	5	6	7	1	1	2	3	4	5	6	7	0	1	2	3	4	5	6	7	0	1	1	3	4	5	6	6	0	1	2	3	4	5	6	7	0	1	2
18004	1682259089.7701304	4	5	6	7	0	1	2	3	4	5	6	7	0	1	2	3	4	5	6	7	0	1	1	3	4	6	6	7	0	1	2	3	4	5	6	7	0	0	2	3	4	4	6	7	0	1	2	3
18005	1682259089.7711341	5	6	7	0	1	2	3	4	5	6	7	0	1	2	3	4	5	6	7	0	1	2	3	4	5	6	7	1	1	2	2	4	5	6	7	1	1	2	3	4	4	6	7	0	1	2	3	4
18006	1682259089.775246	6	7	0	1	2	3	4	5	6	7	0	1	2	3	4	5	6	7	0	1	2	3	4	5	6	7	0	1	2	3	4	5	6	7	0	1	2	2	4	5	6	7	0	1	2	3	4	5
18007	1682259089.776394	7	0	1	2	3	4	5	6	7	0	1	2	3	4	5	6	7	0	1	2	3	4	5	6	7	0	1	2	3	4	5	5	6	0	1	2	3	4	5	6	7	0	1	2	3	4	5	6
18008	1682259089.7775755	0	1	2	3	4	5	6	7	0	1	2	2	4	5	6	7	0	0	2	3	4	5	6	7	0	1	2	3	4	5	6	7	0	1	2	3	4	5	6	7	0	1	2	3	4	5	6	7
18009	1682259089.7786915	1	2	3	4	5	6	7	0	1	2	3	4	5	6	7	0	1	2	3	4	5	6	7	0	1	2	3	4	5	6	7	0	1	2	3	4	5	6	7	0	1	2	3	4	5	6	7	0
18010	1682259089.7797964	2	3	4	5	6	7	0	1	2	3	4	5	6	7	0	1	2	3	4	5	6	7	0	1	2	3	4	5	6	7	0	1	2	3	3	5	6	7	0	2	2	3	4	5	6	7	0	1
18011	1682259089.7808387	3	4	4	6	7	0	1	2	3	4	4	6	7	0	1	2	3	4	5	6	7	0	1	2	3	4	4	6	7	0	1	2	3	4	5	6	7	0	1	2	3	4	5	6	7	0	1	2
18012	1682259089.7819757	4	5	6	7	0	1	2	3	4	5	6	7	0	1	2	3	4	5	6	7	0	1	2	3	4	5	6	6	0	1	2	2	4	5	5	7	0	1	2	3	4	5	6	7	1	1	2	3
18013	1682259089.7830482	5	6	7	0	1	2	3	4	5	6	7	1	1	2	3	4	5	6	7	0	0	2	2	4	5	6	7	0	1	2	3	4	5	6	7	0	1	2	3	4	5	6	7	0	1	2	3	4
18014	1682259089.7841027	6	7	0	1	2	2	4	5	6	7	0	1	2	3	4	5	6	7	0	1	2	3	4	5	6	7	0	1	2	3	4	5	6	7	0	1	2	3	4	5	6	7	0	0	2	3	4	5
18015	1682259089.7851794	7	1	1	2	3	4	5	6	7	0	1	2	3	4	5	6	7	0	1	2	3	4	5	6	7	0	0	2	3	4	4	6	7	0	1	2	2	4	5	6	7	0	1	2	3	3	5	6
18016	1682259089.7862678	0	0	2	3	3	5	6	7	0	1	2	3	4	5	6	7	1	1	2	3	4	5	6	7	0	1	2	2	4	5	6	7	0	1	2	3	4	5	6	7	0	1	2	2	4	5	6	7
18017	1682259089.787387	1	2	3	4	5	6	7	0	1	2	3	4	5	6	7	0	1	2	3	4	5	6	7	0	1	2	3	4	5	6	7	0	1	2	3	4	5	6	6	0	1	2	3	4	4	6	7	0
18018	1682259089.7885816	2	3	4	4	6	7	0	1	3	3	3	5	6	7	0	1	2	3	4	5	6	7	0	2	2	3	3	5	6	7	0	1	2	3	4	5	6	7	0	1	2	3	4	5	6	7	0	1
18019	1682259089.7900696	3	2	4	6	7	0	1	2	3	4	5	6	7	0	1	2	2	4	5	6	7	0	1	2	3	4	5	6	7	0	1	2	3	4	5	6	7	0	1	2	3	4	5	6	7	0	1	2
18020	1682259089.7912567	4	5	6	7	0	1	2	2	4	5	6	7	0	1	2	3	4	4	5	7	0	1	2	3	4	5	6	7	0	1	2	3	3	5	6	7	0	1	2	3	4	5	6	7	0	1	2	3
18021	1682259089.7924256	5	6	7	0	1	2	3	4	5	6	7	0	1	2	3	4	5	6	7	0	1	2	3	4	5	6	7	0	0	2	3	4	5	6	7	0	0	2	3	4	5	6	7	0	1	2	3	4
18022	1682259089.7937524	6	7	0	1	2	3	4	5	6	7	0	0	2	3	4	5	6	7	0	1	2	3	4	5	6	7	0	1	2	3	4	5	6	7	0	1	2	3	5	5	6	7	0	1	2	3	4	4
18023	1682259089.7948189	7	0	1	2	2	4	5	6	7	0	1	2	3	4	5	6	7	0	1	2	3	4	5	6	7	0	1	2	3	4	5	6	7	0	1	2	3	4	5	6	7	0	1	2	3	3	5	6
18024	1682259089.796053	0	0	2	3	4	5	6	7	0	1	2	3	4	5	6	7	0	1	2	3	4	5	6	7	0	0	2	3	4	5	6	6	0	1	2	3	4	5	6	7	0	1	2	3	4	5	6	7
18025	1682259089.7974553	1	2	3	4	5	5	7	0	1	2	3	4	5	6	7	0	1	2	3	4	4	6	7	0	1	2	3	4	5	6	7	0	1	2	3	4	5	6	7	0	1	2	3	4	5	6	7	0
18026	1682259089.7986476	2	3	4	5	6	7	0	1	2	3	4	5	6	6	0	0	2	3	4	5	6	7	0	1	2	3	4	4	6	7	0	0	2	3	4	5	5	7	0	1	2	3	4	5	6	7	0	1
18027	1682259089.7997117	3	4	5	6	7	0	1	2	4	4	5	6	7	0	1	2	3	4	5	6	7	0	1	2	3	4	5	6	7	0	1	2	3	4	5	5	7	0	1	2	2	4	5	6	7	0	1	2
18028	1682259089.8006165	4	5	6	7	0	1	2	3	4	5	6	7	0	1	2	3	4	5	6	7	0	1	2	3	4	5	6	6	0	1	2	3	4	5	6	7	0	1	2	2	4	4	6	7	0	1	2	3
18029	1682259089.8015845	5	6	7	0	1	2	3	4	5	6	7	0	1	2	3	4	5	6	7	0	1	2	3	4	5	6	7	0	1	2	3	4	5	6	7	0	1	2	3	4	5	6	7	0	1	2	3	4
18030	1682259089.802773	6	7	0	1	2	3	4	5	6	7	0	1	2	3	4	5	6	7	0	1	2	3	4	5	6	7	0	1	2	3	4	5	6	7	0	1	2	3	4	5	6	7	0	1	2	3	4	4
18031	1682259089.8037071	7	0	1	2	3	4	5	6	7	0	1	2	3	4	5	6	7	0	1	2	3	4	5	6	7	0	1	2	2	3	5	6	7	0	1	2	3	4	5	6	7	0	1	1	3	3	5	6
18032	1682259089.80459	0	1	2	3	4	5	6	7	0	1	2	3	4	5	6	7	0	0	2	3	4	5	5	7	0	1	2	3	4	5	6	7	0	1	2	3	4	5	6	7	0	1	2	3	4	5	6	7
18033	1682259089.8055022	1	2	3	4	5	6	7	0	1	2	2	4	5	6	7	0	1	2	3	4	5	6	7	0	1	2	2	4	5	6	7	0	1	2	3	4	4	6	7	0	1	2	3	4	5	6	7	0
18034	1682259089.80660	2	3	4	5	6	7	0	1	1	2	4	5	6	7	0	1	2	3	4	5	6	7	0	2	2	3	4	5	6	7	0	1	2	3	4	5	6	7	0	1	2	3	4	5	6	7	0	1
18035	1682259089.8078012	3	4	5	6	7	0	1	2	3	4	5	6	6	0	1	2	3	4	5	5	7	0	1	2	3	4	5	6	7	0	1	2	3	4	5	6	7	0	1	2	3	4	5	6	7	0	0	2
18036	1682259089.8092346	4	5	6	7	0	1	2	3	4	5	6	7	0	1	2	3	4	5	6	7	0	1	2	3	4	4	6	7	0	1	2	2	3	5	6	7	0	1	2	3	4	5	6	7	0	1	1	3
18037	1682259089.8104172	5	6	7	0	1	2	3	3	5	6	7	0	1	2	2	4	5	6	7	0	1	2	3	4	5	6	7	0	1	2	3	4	5	6	7	0	1	2	3	4	5	6	7	0	1	2	3	4
18038	1682259089.8113177	6	7	0	1	2	3	4	5	6	7	0	1	2	3	4	5	6	7	0	1	2	3	4	4	6	7	0	1	2	2	4	5	6	7	0	1	2	3	4	5	6	7	0	1	2	3	4	5
18039	1682259089.8124728	7	0	1	2	3	4	5	6	7	0	1	2	3	3	5	6	7	0	1	2	3	4	5	6	7	0	1	2	3	4	5	6	7	0	1	2	3	4	5	6	7	0	1	2	3	4	5	5
18040	1682259089.813996	0	1	2	3	4	5	6	7	0	1	2	3	4	5	6	7	0	1	2	3	4	5	6	7	0	1	2	3	4	5	6	7	0	1	2	3	4	5	6	7	0	0	2	3	4	5	6	7
18041	1682259089.8153365	1	2	3	4	5	6	7	0	1	2	3	4	5	6	7	0	1	2	3	4	5	6	7	0	1	2	3	4	5	6	7	0	1	2	3	4	5	6	7	0	1	2	3	4	5	6	7	0
18042	1682259089.8162942	2	3	4	5	6	7	0	1	2	3	4	5	6	7	0	1	2	3	4	5	6	7	0	1	2	3	4	5	6	7	0	1	2	3	4	5	6	7	0	1	2	3	4	5	6	7	0	2
18043	1682259089.8172698	3	4	5	6	7	0	1	2	3	4	5	6	7	0	1	2	3	4	5	6	6	0	1	2	3	4	5	6	7	0	1	2	3	4	5	6	6	0	1	2	3	4	5	6	7	0	1	2
18044	1682259089.8182843	4	5	6	7	0	1	2	3	4	5	6	7	0	0	2	3	4	5	6	7	0	1	2	3	4	5	6	7	0	1	2	3	4	5	6	7	0	1	2	3	4	5	6	7	0	1	2	3
18045	1682259089.8194034	5	6	7	0	1	2	2	4	5	6	7	0	1	2	3	4	5	6	7	0	1	2	3	4	5	6	6	0	1	2	3	4	5	6	7	0	1	2	3	4	5	6	7	0	1	2	3	4
18046	1682259089.8207304	6	7	0	1	2	3	4	5	6	7	0	0	2	3	4	5	6	7	0	1	2	3	4	5	6	7	0	1	2	3	4	5	6	7	0	1	2	3	4	5	6	7	0	1	2	3	4	5
18047	1682259089.8220217	7	0	1	2	3	4	5	6	7	0	1	2	3	4	5	5	7	0	1	2	3	4	5	6	7	0	1	2	2	4	5	6	7	0	1	2	3	4	5	6	7	0	1	2	3	4	5	6
