addr,i
3,13
23,46
29,1
37,4
120,14
191,34
215,41
330,22
432,18
464,36
465,36
514,8
535,17
578,44
610,21
615,20
635,47
649,21
705,32
710,12
724,22
753,22
763,8
763,21
763,28
763,30
763,45
763,47
764,45
779,5
794,27
836,6
869,28
929,20
1009,41
1022,0
1059,44
1069,27
1126,32
1151,9
1151,18
1215,34
1239,41
1254,44
1265,35
1328,13
1336,5
1355,44
1370,17
1370,36
1386,6
1397,44
1404,28
1481,21
1489,36
1500,25
1501,3
1527,37
1538,8
1557,13
1632,45
1640,8
1679,9
1679,21
1743,42
1756,6
1775,0
1785,36
1787,4
1787,9
1787,20
1787,21
1787,28
1787,42
1787,45
1796,30
1858,6
1917,18
2081,15
2105,9
2153,45
2170,21
2175,35
2175,37
2186,37
2231,27
2263,37
2277,12
2278,27
2332,36
2374,34
2389,9
2392,34
2443,15
2519,44
2523,10
2525,8
2538,32
2549,8
2557,13
2559,20
2580,34
2622,17
2698,31
2717,12
2724,17
2731,15
2756,10
2759,15
2780,9
2811,0
2811,4
2811,5
2811,6
2811,12
2811,14
2811,21
2811,34
2850,14
2851,9
2862,42
2881,9
2934,34
2977,30
2984,13
2997,45
3008,30
3103,10
3123,37
3132,36
3171,27
3199,15
3199,31
3205,13
3206,40
3286,22
3384,10
3421,21
3426,13
3434,5
3439,9
3452,27
3455,22
3467,11
3469,31
3471,9
3526,12
3573,8
3599,46
3613,21
3615,11
3689,6
3696,4
3737,8
3757,31
3787,37
3790,8
3816,21
3828,30
3830,46
3835,21
3835,22
3837,21
3918,9
4029,13
4035,31
4073,21
4099,22
4106,28
4118,4
4125,22
4125,34
4160,12
4189,47
4211,6
4229,47
4234,40
4314,36
4350,28
4364,0
4378,11
4383,41
4391,47
4403,6
4416,1
4430,15
4430,32
4430,40
4435,41
4450,32
4466,3
4468,14
4476,9
4573,31
4639,42
4648,18
4681,21
4703,20
4703,44
4704,0
4718,15
4838,0
4859,5
4859,18
4859,42
4860,28
4890,32
4916,27
5145,41
5151,28
5170,20
5171,31
5253,17
5253,37
5311,4
5319,32
5349,17
5377,47
5404,32
5406,15
5415,9
5441,9
5481,32
5503,8
5508,22
5552,28
5582,37
5586,21
5610,22
5647,25
5660,4
5664,46
5675,3
5688,34
5735,27
5742,15
5766,18
5768,3
5783,15
5783,25
5788,40
5791,40
5802,10
5838,32
5870,0
5871,11
5881,34
5883,1
5883,12
5883,21
5883,32
5883,41
5883,42
5883,44
5883,45
5986,14
6039,22
6051,41
6065,47
6127,8
6173,35
6180,12
6200,10
6259,45
6260,46
6353,47
6359,32
6397,47
6431,41
6506,35
6551,25
6596,30
6614,3
6621,25
6621,47
6628,32
6630,34
6683,25
6696,15
6712,30
6817,9
6822,21
6831,0
6870,22
6888,46
6889,11
6907,1
6907,6
6907,9
6907,10
6907,15
6907,31
6907,37
6907,42
6927,4
6964,26
7020,32
7028,35
7096,44
7104,41
7121,26
7123,35
7146,25
7148,47
7197,28
7204,8
7228,5
7228,32
7233,31
7295,28
7300,22
7301,32
7312,9
7326,21
7331,46
7342,30
7350,28
7366,32
7379,32
7426,40
7439,1
7440,32
7452,32
7471,6
7482,32
7486,32
7501,31
7515,27
7522,32
7526,47
7547,35
7563,13
7563,31
7619,30
7645,15
7720,15
7729,47
7752,13
7764,20
7783,30
7851,4
7931,8
7931,10
7931,12
7931,18
7931,34
7931,45
7931,47
7969,40
7972,13
8014,15
8048,9
8049,20
8062,3
8145,26
8170,5
8180,14
8196,35
8210,32
8287,5
8298,14
8306,32
8325,9
8325,15
8325,20
8372,5
8409,4
8409,5
8422,21
8463,5
8533,6
8541,31
8620,9
8632,31
8654,32
8667,5
8712,25
8732,14
8757,9
8760,0
8882,13
8927,37
8931,40
8943,11
8943,21
8945,15
8955,9
8955,35
8963,9
8997,35
9010,35
9036,14
9088,32
9094,35
9111,30
9119,35
9142,30
9229,44
9276,46
9343,47
9349,47
9411,3
9423,34
9426,18
9433,22
9446,47
9584,46
9622,22
9668,8
9674,28
9740,15
9777,26
9814,9
9862,10
9866,15
9867,25
9951,40
9955,40
9962,40
9969,9
9979,3
9979,25
9979,31
9979,32
9987,9
9995,32
10027,35
10034,44
10110,0
10112,32
10118,14
10139,17
10143,41
10145,15
10169,14
10191,46
10225,31
10233,27
10269,1
10283,10
10312,32
10315,35
10366,45
10373,40
10378,5
10403,47
10435,36
10441,1
10455,47
10470,0
10491,30
10510,34
10530,12
10541,3
10547,31
10581,20
10591,40
10608,20
10617,15
10621,9
10637,32
10654,40
10677,35
10777,4
10789,21
10790,31
10802,32
10856,11
10895,5
10895,9
10911,1
10921,47
10990,12
10991,13
10991,14
10998,14
11003,11
11003,26
11003,32
11004,41
11084,45
11107,11
11116,47
11185,35
11263,25
11285,3
11293,0
11293,13
11293,17
11299,35
11301,41
11319,40
11324,8
11324,34
11324,36
11391,21
11391,27
11417,11
11422,36
11422,41
11433,37
11447,20
11450,14
11486,26
11507,31
11525,5
11554,12
11571,47
11578,32
11581,44
11595,5
11605,15
11609,32
11617,35
11636,40
11641,15
11669,28
11689,31
11775,1
11801,4
11814,17
11863,28
11880,17
11919,9
11939,21
11972,47
11982,26
11982,45
12010,9
12027,0
12027,17
12027,35
12027,37
12044,34
12088,32
12106,45
12108,12
12168,32
12209,11
12217,6
12254,26
12317,9
12317,34
12318,20
12335,5
12348,25
12348,47
12352,46
12415,11
12472,34
12491,14
12496,20
12518,3
12587,21
12600,30
12602,32
12602,41
12622,32
12625,3
12637,35
12650,6
12660,20
12679,32
12688,10
12746,26
12850,10
12860,47
12873,9
12885,30
12891,37
12897,15
12897,37
12920,32
12956,0
12996,12
12996,20
13000,18
13026,13
13041,10
13051,6
13051,9
13051,10
13051,13
13051,21
13051,34
13051,46
13075,25
13122,5
13139,30
13154,30
13203,10
13212,14
13233,25
13278,22
13349,35
13416,14
13459,21
13483,1
13492,28
13520,9
13555,5
13584,46
13615,27
13628,17
13632,11
13663,9
13689,14
13708,15
13753,37
13770,18
13784,13
13793,47
13824,30
13886,22
13904,4
13909,37
13922,18
13967,42
13980,14
13988,12
14000,14
14016,34
14032,14
14040,22
14056,35
14063,37
14064,0
14075,0
14075,27
14075,44
14121,27
14123,9
14139,44
14158,15
14212,42
14218,11
14253,17
14266,8
14316,25
14328,37
14356,27
14364,27
14367,40
14402,5
14402,11
14428,36
14490,13
14519,5
14566,35
14589,18
14650,3
14689,27
14709,21
14732,5
14747,5
14747,41
14794,32
14839,20
14898,32
14907,20
14914,15
14926,41
14931,31
14936,47
14991,21
14991,35
15005,32
15007,9
15019,41
15027,4
15044,28
15089,15
15099,6
15099,9
15099,35
15100,17
15110,25
15142,44
15147,28
15210,40
15240,3
15255,27
15298,25
15326,30
15344,44
15356,46
15364,37
15420,26
15420,41
15493,44
15508,37
15518,30
15569,20
15575,47
15611,34
15632,6
15661,10
15663,35
15673,18
15679,11
15709,21
15733,21
15771,17
15781,32
15818,36
15844,21
15883,1
15905,0
15912,47
15936,11
15943,34
15949,20
15984,10
16013,35
16115,17
16123,13
16123,21
16155,26
16166,44
16175,11
16233,21
16279,1
16308,18
16310,40
16397,41
16429,12
16429,17
16444,8
16469,41
16511,10
16532,27
16563,13
16582,1
16582,22
16589,8
16639,35
16684,27
16743,47
16745,44
16754,31
16794,40
16798,44
16812,6
16817,13
16835,41
16842,27
16890,28
16919,8
16919,42
16923,36
16943,26
16974,35
16999,27
17025,17
17069,6
17093,30
17118,4
17147,28
17147,34
17147,40
17147,41
17147,44
17201,18
17239,21
17268,35
17292,4
17292,44
17322,47
17333,42
17386,27
17391,47
17411,11
17431,32
17520,42
17535,46
17541,21
17541,42
17580,6
17582,35
17592,3
17606,32
17622,30
17643,5
17654,18
17663,25
17692,18
17709,26
17725,44
17809,1
17834,22
17874,44
17919,41
17931,20
17947,12
18001,1
18078,34
18093,6
18142,41
18144,22
18148,1
18157,6
18159,18
18173,44
18211,15
18241,10
18254,20
18298,41
18319,5
18332,26
18338,47
18346,47
18387,22
18416,47
18456,13
18562,40
18630,21
18654,12
18716,44
18794,14
18873,10
18873,31
18904,45
18916,40
18923,3
19000,46
19023,21
19039,47
19101,37
19109,1
19131,34
19156,11
19165,41
19168,32
19195,0
19195,6
19195,13
19195,22
19195,26
19195,31
19259,28
19281,27
19282,10
19328,47
19345,44
19376,1
19412,6
19436,5
19436,35
19451,35
19511,1
19562,40
19583,3
19583,32
19587,31
19594,27
19651,18
19665,37
19707,22
19711,9
19711,13
19711,46
19769,37
19796,41
19809,18
19809,20
19810,12
19823,41
19840,26
19847,32
19991,1
20023,35
20043,35
20065,28
20071,37
20087,5
20111,14
20120,42
20155,34
20160,46
20192,27
20219,0
20219,1
20219,6
20219,9
20219,20
20219,26
20219,28
20219,30
20219,40
20261,31
20273,27
20317,41
20345,10
20368,3
20400,3
20419,3
20460,5
20498,11
20525,25
20531,13
20553,30
20578,25
20607,45
20613,3
20615,31
20643,12
20651,6
20664,6
20674,32
20755,15
20771,46
20795,6
20799,37
20834,12
20835,37
20847,15
20851,27
20875,40
20938,26
20938,40
20967,27
20990,34
21016,11
21019,30
21041,26
21041,37
21048,11
21075,37
21103,34
21111,17
21126,30
21201,14
21203,17
21228,35
21243,11
21243,17
21243,18
21243,22
21243,28
21243,42
21243,44
21243,46
21304,47
21311,12
21332,13
21334,8
21384,28
21401,5
21407,13
21419,0
21433,11
21537,26
21539,15
21571,5
21613,41
21626,26
21640,22
21642,40
21684,20
21696,45
21733,1
21734,14
21755,20
21839,44
21858,13
21881,42
21892,41
21932,44
21985,14
22002,11
22007,5
22023,8
22043,15
22043,34
22056,26
22092,15
22092,47
22170,14
22176,41
22216,22
22227,17
22228,42
22233,10
22252,35
22257,20
22267,4
22267,9
22268,35
22283,37
22286,47
22338,32
22350,8
22350,9
22406,10
22414,40
22447,12
22483,9
22524,14
22527,37
22557,1
22589,41
22655,47
22684,10
22685,15
22717,8
22740,18
22765,27
22846,46
22861,27
22862,5
22872,36
22879,47
22947,21
22971,37
23003,14
23100,47
23135,13
23143,40
23214,34
23249,35
23275,47
23310,4
23374,22
23430,44
23432,22
23570,34
23589,36
23625,40
23657,3
23681,17
23690,42
23709,15
23710,10
23716,40
23745,27
23750,21
23761,36
23771,27
23863,41
23874,47
23903,9
23914,45
23941,37
23949,4
23983,37
23992,27
24011,25
24027,47
24049,35
24080,4
24122,13
24140,6
24153,30
24161,45
24167,15
24176,44
24222,35
24251,27
24284,9
24315,10
24315,20
24315,22
24316,13
24316,21
24321,31
24326,20
24368,22
24382,17
24460,15
24492,18
24526,21
24543,17
24548,44
24569,44
24590,13
24599,9
24627,9
24627,41
24635,6
24648,36
24749,15
24757,31
24788,46
24834,32
24843,47
24877,1
24896,40
24909,20
24927,44
24939,37
24996,42
25012,32
25034,10
25034,36
25035,37
25044,25
25086,15
25101,6
25179,11
25191,3
25214,5
25259,9
25268,41
25270,30
25306,31
25307,25
25311,37
25320,6
25331,11
25339,3
25339,12
25339,14
25340,28
25396,37
25444,13
25539,13
25614,13
25621,47
25631,35
25680,8
25733,5
25758,40
25858,26
25878,8
25949,47
25954,6
25967,18
26021,27
26052,30
26058,10
26072,10
26098,20
26171,34
26185,25
26189,37
26216,12
26216,17
26223,26
26229,8
26236,12
26238,5
26245,18
26255,9
26257,22
26261,4
26317,34
26330,31
26344,21
26363,21
26363,27
26363,42
26363,46
26403,22
26404,8
26420,18
26441,11
26449,1
26457,20
26506,15
26515,25
26524,21
26602,22
26625,37
26636,44
26711,35
26762,27
26765,6
26806,44
26819,22
26823,37
26858,5
26970,31
26986,26
26986,45
26993,27
26996,37
27030,3
27030,28
27030,35
27082,35
27086,32
27095,21
27099,21
27134,21
27147,9
27169,45
27194,9
27196,32
27212,47
27227,25
27239,27
27329,35
27329,40
27354,18
27375,18
27387,1
27387,6
27387,42
27387,45
27387,47
27395,22
27401,1
27401,11
27427,6
27474,3
27496,45
27539,47
27646,47
27677,5
27677,34
27730,30
27752,0
27753,9
27760,18
27784,28
27807,3
27815,28
27841,37
27847,18
27851,28
27851,47
27855,13
27860,1
28001,21
28013,27
28087,30
28106,1
28106,36
28121,13
28176,25
28179,13
28193,27
28207,28
28262,36
28271,4
28333,47
28399,1
28399,27
28409,45
28411,3
28411,4
28411,18
28411,22
28411,25
28411,26
28411,28
28411,36
28411,40
28411,46
28411,47
28432,8
28451,15
28489,6
28521,35
28690,3
28730,26
28803,34
28816,21
28825,21
28884,42
28902,26
28906,26
29038,12
29067,25
29087,41
29088,9
29132,26
29174,40
29224,12
29259,47
29267,36
29269,25
29278,15
29287,3
29287,6
29296,14
29342,36
29347,15
29380,44
29400,41
29404,30
29405,47
29435,4
29435,11
29436,30
29436,32
29440,47
29492,25
29505,21
29506,44
29527,26
29529,11
29546,10
29546,44
29553,30
29573,18
29574,6
29576,47
29621,26
29621,35
29648,5
29677,13
29714,3
29741,0
29750,34
29756,42
29764,1
29798,44
29803,11
29811,22
29833,15
29834,46
29854,27
29904,20
29908,15
29908,18
29926,6
29988,13
30010,27
30016,47
30036,5
30042,30
30087,27
30154,20
30155,14
30173,18
30184,10
30223,37
30257,47
30283,47
30284,31
30287,6
30302,18
30305,25
30320,40
30336,8
30395,6
30429,3
30430,15
30447,17
30459,1
30459,3
30459,37
30459,47
30467,15
30474,14
30488,26
30551,26
30563,31
30568,41
30577,30
30577,47
30582,14
30592,20
30592,28
30597,18
30612,18
30627,3
30641,36
30675,6
30686,36
30701,13
30717,47
30728,28
30735,41
30749,0
30749,6
30751,35
30765,45
30769,44
30780,32
30834,42
30836,20
30847,1
30849,30
30855,27
30912,9
30918,45
30971,13
31000,1
31099,25
31126,30
31136,30
31144,22
31204,34
31223,4
31258,14
31259,26
31260,21
31287,12
31310,10
31328,40
31373,25
31376,30
31383,44
31395,42
31413,45
31444,4
31444,46
31449,45
31464,3
31483,17
31483,20
31483,22
31483,42
31484,32
31491,10
31491,20
31528,12
31540,22
31540,45
31553,3
31581,15
31605,35
31636,45
31639,3
31644,5
31699,37
31710,21
31762,47
31764,27
31772,11
31789,18
31812,4
31820,15
31820,44
31829,46
31842,9
31882,31
31899,31
31902,4
31906,13
31936,9
31952,31
31952,44
31978,34
31998,5
32022,41
32051,21
32085,18
32099,27
32109,21
32160,30
32161,21
32206,20
32216,35
32219,6
32236,22
32249,31
32353,36
32359,22
32363,31
32397,0
32407,25
32418,41
32472,41
32480,37
32506,4
32507,4
32507,6
32507,9
32507,11
32507,31
32507,41
32507,42
32510,18
32563,25
32564,22
32568,9
32578,3
32587,47
32594,13
32693,47
32697,45
32723,15
32725,40
32753,32
32788,44
32789,15
32789,25
32797,10
32863,27
32893,18
32926,13
32926,26
32949,44
32952,15
33012,36
33052,41
33079,37
33107,45
33122,41
33162,30
33174,21
33219,18
33287,6
33302,17
33326,11
33361,8
33371,17
33376,40
33416,27
33485,13
33531,3
33531,27
33531,32
33531,36
33536,45
33621,21
33629,35
33731,40
33736,45
33747,31
33821,18
33823,30
33836,12
33837,18
33852,14
33858,22
33882,12
33925,22
33925,47
33950,44
33973,44
34061,35
34103,3
34110,9
34126,27
34172,8
34250,35
34275,5
34304,36
34337,21
34349,9
34359,8
34448,5
34492,26
34519,9
34552,9
34555,10
34555,18
34555,35
34555,36
34555,47
34588,18
34667,26
34687,18
34691,1
34700,21
34755,40
34834,0
34834,28
34867,21
34876,18
34880,14
34931,41
34954,46
34957,41
34971,25
34973,35
34996,36
35011,9
35015,40
35019,27
35087,35
35088,12
35104,27
35112,30
35134,8
35181,27
35182,41
35185,10
35267,6
35389,6
35409,20
35439,36
35465,35
35544,22
35579,3
35579,9
35579,10
35579,13
35579,15
35579,35
35579,40
35579,47
35580,36
35632,30
35724,13
35735,13
35829,28
35851,21
35861,30
35869,20
35869,21
35952,31
35967,12
36034,37
36035,41
36039,40
36070,36
36105,35
36140,12
36202,3
36246,5
36259,35
36260,14
36283,28
36332,30
36350,9
36455,22
36461,12
36464,40
36546,11
36603,5
36603,6
36603,27
36603,31
36603,36
36781,1
36868,20
36893,8
36896,46
36924,9
36926,14
36937,3
36947,31
36954,14
36975,20
36991,3
37073,11
37096,26
37134,22
37136,27
37141,25
37181,41
37197,5
37216,17
37226,36
37236,17
37255,26
37270,18
37288,6
37288,30
37305,42
37308,40
37336,32
37339,18
37368,1
37489,3
37520,30
37542,10
37627,11
37627,13
37627,17
37627,22
37627,28
37627,40
37627,44
37627,46
37697,1
37738,8
37760,28
37887,9
37917,14
37920,46
37925,37
37938,37
37939,26
37945,37
37956,31
37988,46
38019,47
38021,0
38021,3
38046,45
38074,18
38234,20
38285,15
38303,30
38317,45
38323,14
38427,14
38432,25
38436,20
38473,14
38496,14
38503,1
38503,25
38504,5
38512,12
38545,27
38551,15
38554,47
38558,27
38596,20
38605,15
38612,20
38626,3
38651,1
38651,4
38651,11
38651,14
38705,6
38739,3
38761,14
38808,6
38836,32
38854,1
38888,44
38912,34
38914,4
38972,42
38982,5
39010,1
39010,21
39039,9
39045,25
39058,30
39070,17
39096,14
39103,20
39164,9
39329,35
39389,21
39527,11
39623,30
39648,34
39658,4
39663,26
39675,18
39675,32
39678,36
39812,9
39814,14
39854,14
39921,25
39938,10
39955,25
39983,46
39986,44
39989,25
40044,6
40048,15
40074,45
40098,35
40116,17
40139,27
40149,25
40184,1
40206,20
40270,26
40277,5
40282,41
40287,15
40304,10
40357,5
40404,10
40404,20
40411,9
40492,0
40545,32
40559,36
40604,1
40687,27
40699,0
40699,10
40699,36
40699,40
40863,25
40921,9
40989,5
41000,10
41002,47
41014,35
41020,9
41047,37
41119,31
41139,15
41143,22
41143,35
41311,32
41333,30
41344,36
41358,15
41429,46
41575,46
41578,22
41593,1
41599,35
41638,5
41643,21
41696,28
41723,0
41723,3
41723,5
41723,8
41723,11
41723,18
41723,22
41723,31
41723,40
41723,45
41734,35
41780,31
41846,10
41894,9
41944,10
41969,21
42001,17
42026,11
42040,35
42044,46
42075,32
42082,27
42111,13
42111,47
42117,3
42137,45
42149,27
42160,0
42175,46
42194,18
42245,46
42254,44
42275,5
42291,30
42309,27
42338,17
42374,46
42379,22
42383,41
42442,30
42447,9
42453,46
42532,6
42545,47
42587,3
42587,27
42610,27
42659,35
42664,42
42695,25
42747,0
42747,4
42747,5
42747,10
42747,17
42747,31
42747,35
42747,44
42766,32
42778,22
42778,32
42818,47
42834,5
42841,28
42864,44
42869,31
42890,26
42918,45
42985,0
43033,45
43035,35
43037,44
43079,1
43085,8
43130,44
43161,6
43166,40
43175,15
43210,28
43238,26
43320,4
43331,15
43424,31
43426,30
43429,5
43449,22
43453,1
43480,44
43492,15
43495,21
43510,36
43576,21
43580,42
43619,9
43679,13
43742,12
43759,10
43769,1
43771,3
43771,10
43771,11
43771,15
43771,18
43771,31
43771,32
43771,36
43771,37
43771,40
43771,45
43777,25
43844,42
43851,42
43942,10
43966,18
43993,42
44010,18
44052,15
44057,9
44062,30
44117,12
44130,12
44136,1
44159,13
44169,10
44185,45
44214,40
44259,32
44303,22
44355,11
44359,37
44416,15
44438,44
44477,15
44486,32
44494,18
44495,9
44497,9
44603,11
44635,3
44703,21
44764,37
44766,22
44783,15
44795,6
44795,12
44795,17
44795,22
44795,42
44795,45
44818,14
44822,21
44826,36
44827,17
44837,14
44878,6
44882,10
44898,15
44904,20
44904,37
44922,47
44968,14
45017,42
45033,32
45040,12
45069,1
45087,45
45133,21
45137,1
45139,1
45149,45
45178,22
45191,36
45230,35
45240,11
45252,12
45290,18
45309,27
45340,44
45363,27
45423,1
45430,46
45445,47
45452,12
45454,44
45467,31
45530,36
45546,42
45555,41
45591,27
45603,5
45624,34
45653,8
45658,8
45727,47
45739,46
45764,8
45784,13
45812,17
45819,4
45819,9
45819,14
45819,21
45819,22
45819,25
45819,27
45819,34
45819,36
45819,44
45819,45
45819,46
45819,47
45916,41
45945,15
45972,30
45976,36
45982,35
46027,1
46083,10
46095,47
46140,13
46153,30
46186,45
46254,34
46295,13
46319,1
46331,12
46432,44
46453,9
46469,41
46469,47
46489,4
46504,27
46606,34
46629,31
46667,37
46677,8
46843,10
46843,13
46843,37
46845,22
46860,36
46869,12
46885,46
46914,46
46926,20
46979,18
46986,26
47009,15
47069,46
47081,3
47084,14
47138,9
47170,45
47221,35
47242,35
47271,13
47271,27
47290,30
47292,46
47355,1
47357,35
47555,45
47576,32
47579,1
47626,31
47639,32
47680,22
47780,37
47812,41
47867,34
47881,37
47909,13
47950,8
47951,20
47952,21
47964,22
47968,42
47985,17
48006,10
48019,1
48021,9
48054,37
48067,25
48088,47
48105,5
48141,37
48159,41
48185,41
48255,42
48286,47
48312,22
48445,37
48446,32
48469,4
48473,35
48474,32
48525,41
48569,41
48606,0
48630,28
48640,28
48642,17
48651,37
48653,6
48653,9
48671,36
48707,37
48752,31
48785,21
48850,9
48889,22
48891,3
48891,6
48891,9
48891,12
48891,15
48891,21
48891,34
48891,36
48891,47
48895,10
48964,27
48979,4
49008,45
49009,46
49043,1
49081,26
49095,5
49121,25
49272,4
49279,11
49285,15
49285,20
49290,44
49309,47
49358,32
49383,26
49407,32
49481,46
49486,46
49532,28
49583,34
49610,46
49627,47
49656,41
49761,15
49764,14
49776,27
49778,47
49793,35
49805,31
49835,31
49870,12
49888,32
49909,9
49909,36
49915,5
49915,15
49915,20
49915,21
49915,37
49978,14
50012,9
50067,15
50086,4
50221,27
50233,27
50235,35
50269,35
50282,31
50284,13
50291,10
50309,3
50359,41
50391,27
50456,35
50510,47
50538,15
50543,28
50549,42
50556,12
50556,13
50645,47
50663,21
50767,40
50850,3
50921,30
50933,36
50937,21
50939,0
50939,1
50939,8
50939,10
50939,15
50939,17
50958,21
50987,31
51073,21
51103,21
51119,47
51134,5
51144,5
51163,15
51188,25
51213,15
51260,14
51260,31
51260,45
51315,15
51335,31
51357,15
51421,36
51429,13
51473,9
51514,47
51518,44
51532,17
51533,47
51541,3
51541,22
51612,4
51624,13
51696,36
51717,18
51787,37
51787,47
51793,31
51793,44
51802,6
51823,1
51842,45
51866,44
51899,31
51905,41
51928,25
51963,1
51963,11
51963,12
51963,22
51963,32
51963,40
51963,42
51964,41
51979,11
51993,1
52039,36
52124,15
52145,41
52149,47
52159,11
52179,31
52195,36
52202,40
52209,25
52227,10
52247,11
52259,15
52284,30
52336,45
52351,25
52351,31
52359,15
52373,5
52377,37
52390,30
52415,25
52427,31
52453,8
52467,45
52475,40
52526,34
52541,44
52556,17
52578,1
52578,34
52585,15
52604,31
52627,3
52648,13
52676,36
52726,41
52785,31
52848,22
52874,40
52879,15
52882,31
52893,41
52952,25
52987,5
52987,8
52987,32
53031,45
53063,36
53081,31
53089,3
53104,3
53137,31
53146,15
53269,28
53277,47
53293,3
53334,34
53363,47
53375,42
53411,47
53415,31
53447,15
53477,37
53478,17
53511,25
53589,47
53594,31
53619,12
53654,1
53699,31
53709,11
53751,47
53758,1
53791,3
53850,36
53872,44
53916,15
53972,13
53999,11
54011,1
54011,4
54011,5
54011,6
54011,10
54011,18
54011,30
54011,37
54011,40
54081,47
54265,32
54301,1
54323,31
54332,47
54338,8
54379,15
54425,15
54452,14
54452,42
54456,28
54487,37
54535,47
54550,21
54626,18
54733,11
54807,44
54820,36
54843,41
54844,1
54855,14
54884,11
54904,40
54927,20
54948,3
54990,21
55008,13
55023,1
55023,11
55025,9
55035,31
55035,40
55035,46
55035,47
55037,17
55049,20
55081,21
55084,12
55114,6
55134,37
55171,27
55206,35
55289,32
55297,22
55317,14
55325,31
55329,17
55331,5
55333,9
55363,13
55405,5
55423,27
55552,8
55574,10
55608,21
55610,47
55629,15
55631,4
55657,15
55659,46
55706,10
55715,47
55717,34
55720,27
55748,25
55754,37
55765,15
55791,15
55796,45
55814,47
55857,31
55881,15
55893,31
55911,25
55911,41
55920,25
56040,8
56040,41
56059,4
56059,8
56059,10
56059,20
56059,30
56067,20
56126,36
56130,45
56133,40
56146,17
56185,47
56203,11
56220,20
56243,45
56279,10
56297,31
56324,30
56380,31
56390,13
56429,5
56447,21
56453,15
56458,31
56534,25
56558,15
56572,47
56647,44
56655,1
56678,9
56704,12
56705,37
56772,21
56778,37
56788,41
56849,12
56855,15
56863,9
56865,31
56879,1
56882,34
56890,30
56898,30
56907,46
56935,44
56946,45
56977,1
57024,6
57052,27
57083,27
57091,31
57153,31
57205,21
57299,47
57303,10
57306,45
57352,12
57388,31
57416,5
57512,32
57542,15
57600,13
57664,31
57671,42
57671,47
57695,5
57705,37
57707,42
57716,31
57765,18
57795,42
57854,22
57867,40
57889,11
57889,31
57959,15
57968,36
57971,41
58014,10
58014,26
58016,12
58017,34
58079,6
58105,47
58107,5
58107,6
58107,8
58107,14
58107,15
58107,22
58107,37
58107,42
58108,26
58111,15
58123,32
58124,8
58126,36
58128,30
58138,17
58179,21
58227,30
58245,31
58273,31
58297,9
58345,28
58413,46
58428,41
58428,42
58432,13
58536,32
58617,40
58655,30
58668,25
58675,47
58693,5
58701,31
58709,0
58713,21
58719,12
58748,14
58830,31
58843,31
58846,13
58852,21
58853,42
58913,14
58929,31
58939,10
58953,25
58955,22
58958,0
58968,34
58968,44
58975,18
58983,31
58992,13
59011,8
59025,4
59041,34
59100,13
59119,47
59131,8
59131,25
59150,31
59162,34
59212,30
59264,41
59401,22
59407,11
59420,36
59421,27
59421,31
59437,31
59442,15
59450,0
59452,42
59476,32
59481,28
59490,27
59508,36
59519,6
59540,0
59547,22
59557,9
59562,35
59572,6
59584,28
59601,31
59621,47
59662,15
59676,31
59692,4
59743,14
59745,47
59746,9
59765,14
59772,36
59865,14
59871,34
59914,18
59925,13
60015,47
60049,12
60049,14
60058,25
60095,31
60098,6
60104,30
60116,26
60118,44
60127,18
60153,15
60155,17
60155,18
60155,25
60155,32
60155,34
60155,35
60155,41
60156,20
60225,42
60239,20
60265,13
60281,45
60394,1
60410,4
60425,22
60429,21
60445,26
60445,37
60445,47
60454,34
60505,28
60506,1
60571,32
60599,31
60716,4
60723,27
60733,31
60734,6
60757,31
60796,36
60835,5
60878,27
60896,34
60951,14
60968,20
60980,20
60984,9
60985,11
60986,44
61019,47
61071,21
61074,45
61082,25
61097,22
61179,8
61179,15
61179,34
61179,35
61242,15
61279,32
61324,5
61366,32
61375,18
61412,13
61434,4
61461,9
61488,11
61497,45
61500,46
61512,27
61536,6
61552,15
61567,21
61573,1
61597,12
61598,8
61607,8
61620,36
61622,10
61643,15
61652,18
61747,40
61755,35
61793,31
61794,21
61801,31
61807,25
61837,36
61887,46
61895,6
61895,26
61914,44
61917,47
61950,18
61953,21
61967,44
61986,3
62006,13
62049,32
62055,15
62074,14
62095,35
62099,36
62109,45
62123,6
62170,6
62201,47
62203,3
62203,13
62222,28
62243,12
62321,36
62359,28
62389,13
62403,20
62441,5
62493,47
62502,13
62512,35
62512,47
62524,26
62535,26
62536,27
62570,28
62591,1
62595,12
62629,5
62648,35
62655,31
62676,14
62698,14
62743,26
62782,10
62792,45
62805,31
62836,14
62855,34
62911,46
62912,12
62926,15
62955,13
62974,47
63025,5
63032,12
63035,45
63051,47
63064,44
63123,36
63145,35
63182,45
63198,10
63227,0
63227,4
63227,18
63227,22
63227,35
63227,46
63250,45
63280,28
63366,45
63427,34
63448,20
63473,32
63517,15
63519,11
63522,31
63548,0
63607,1
63615,21
63623,9
63629,31
63646,35
63671,21
63672,15
63686,15
63705,44
63707,35
63850,14
63905,15
63908,31
63946,15
63946,47
63955,17
63957,31
63960,22
63981,25
63991,41
64013,34
64043,3
64067,32
64081,6
64084,30
64154,4
64156,21
64196,11
64251,9
64251,15
64251,21
64251,26
64251,28
64251,36
64252,30
64252,45
64258,13
64282,35
64290,44
64293,5
64345,47
64407,1
64441,12
64490,1
64491,35
64492,34
64541,15
64557,18
64575,18
64575,28
64639,17
64670,37
64689,1
64696,34
64707,13
64708,44
64710,3
64711,26
64715,31
64720,6
64727,47
64731,12
64731,35
64815,46
64829,45
64933,47
64964,10
64971,25
64987,36
65005,25
65108,6
65202,26
65216,25
65225,47
65265,5
65275,11
65275,14
65275,20
65275,28
65276,35
65281,25
65294,41
65326,27
65327,37
65333,17
65349,45
65369,13
65401,41
65418,15
65439,47
65475,31
65502,20
